#
# A fatal error has been detected by the Java Runtime Environment:
#
#  SIGSEGV (0xb) at pc=0x00000001693d4158, pid=95545, tid=0x000000000001050b
#
# JRE version: OpenJDK Runtime Environment (Zulu 8.90.0.19-CA-macos-aarch64) (8.0_472-b08) (build 1.8.0_472-b08)
# Java VM: OpenJDK 64-Bit Server VM (25.472-b08 mixed mode bsd-aarch64 compressed oops)
# Problematic frame:
# C  [liblwjgl_stb.dylib+0x4c158]
[error occurred during error reporting (printing problematic frame), id 0xe0000000]

# Failed to write core dump. Core dumps have been disabled. To enable core dumping, try "ulimit -c unlimited" before starting Java again
#
# If you would like to submit a bug report, please visit:
#   http://www.azul.com/support/
# The crash happened outside the Java Virtual Machine in native code.
# See problematic frame for where to report the bug.
#

---------------  T H R E A D  ---------------

Current thread (0x000000033280b000):  JavaThread "Sound engine" daemon [_thread_in_native, id=66827, stack(0x00000001774f8000,0x00000001776fb000)]

siginfo: si_signo: 11 (SIGSEGV), si_code: 2 (SEGV_ACCERR), si_addr: 0x0000000000000000

Registers:
 x0=0x0000000000000000  x1=0x00000001780ef870  x2=0x00000001776f99b0  x3=0x0000000000000002
 x4=0x00000001776f977c  x5=0x00000001776f9778  x6=0x0000000000000400  x7=0x0000000000000020
 x8=0x0000000000000000  x9=0x00000001776f9390 x10=0x0000000000000006 x11=0x00000000000000bc
x12=0x0000000000000310 x13=0x0000000000000000 x14=0x0000000000000030 x15=0x0000000000000002
x16=0x0000000189681030 x17=0x00000001f773cdb0 x18=0x0000000000000000 x19=0x000000010e3d2a00
x20=0x0000000000000000 x21=0x0000000000000003 x22=0x0000000000000006 x23=0x0000000000000400
x24=0x000000010ce7fa88 x25=0x0000000000000000 x26=0x0000000000000848 x27=0x0000000000000001
x28=0x0000000000000006  fp=0x00000001776f97f0  lr=0x00000001693d4194  sp=0x00000001776f9380
pc=0x00000001693d4158 cpsr=0x0000000020000000
Top of Stack: (sp=0x00000001776f9380)
0x00000001776f9380:   00000001776f9390 00000001776f9510
0x00000001776f9390:   000000010ce823c0 000000010ce82270
0x00000001776f93a0:   000000010ce82050 0000000000000000
0x00000001776f93b0:   bbf1cce03da79cb2 bc2c030c3da5a2ef
0x00000001776f93c0:   bc637ea03da33f87 bc8c85e03da0bfa1
0x00000001776f93d0:   bca6a2183d9df01d bcc23ae43d9ac48a
0x00000001776f93e0:   bcdbe2e83d9769a7 bcf64b6a3d93ad98
0x00000001776f93f0:   bd08b8b93d8fab03 bd1569af3d8b7aa2
0x00000001776f9400:   bd22cf163d86e5b2 bd2fe3703d821d88
0x00000001776f9410:   bd3c739c3d7a4600 bd49bf873d6f8456
0x00000001776f9420:   bd5667f73d647c43 bd631e103d59175c
0x00000001776f9430:   bd7013da3d4d037b bd7c3c853d40ae7d
0x00000001776f9440:   bd846ff93d33e6fb bd8aa8e93d26b702
0x00000001776f9450:   bd909e9c3d197ed9 bd96c8b63d0bb54f
0x00000001776f9460:   bd9c9f0c3cfb0084 bda273d93cdebb9a
0x00000001776f9470:   bda855db3cc1d1bd bdadd06a3ca49d6e
0x00000001776f9480:   bdb36f203c875146 bdb8d6c93c5283dc
0x00000001776f9490:   bdbdfb9d3c16f2b0 bdc34c3c3bb79e28
0x00000001776f94a0:   bdc82a373afc7a80 bdccf830bade44e0
0x00000001776f94b0:   bdd1c160bbad4fa0 bdd60cf6bc119898
0x00000001776f94c0:   bdda85c8bc4ae62e bddead86bc820e52
0x00000001776f94d0:   bde26b20bc9e7a8f bde66131bcb9ad14
0x00000001776f94e0:   bde9d00bbcd473a6 bded1fdabcee9ee8
0x00000001776f94f0:   bdf075d3bd03e4a6 bdf31aa6bd105696
0x00000001776f9500:   bdf5ed84bd1c2cb2 bdf88a96bd274f8d
0x00000001776f9510:   bdfa8fe6bd3239c6 bdfcd5b9bd3c7f97
0x00000001776f9520:   bdfe8a72bd462d26 bdfffa6abd4f808e
0x00000001776f9530:   be00d40dbd58006e be01480dbd5fef26
0x00000001776f9540:   be01bafdbd676598 be02255cbd6dfdf8
0x00000001776f9550:   be0236e0bd7429ba be0270e2bd79ca4c
0x00000001776f9560:   be027359bd7e7916 be022ce4bd815d04
0x00000001776f9570:   be020f52bd83344b be01a43dbd84a84c 

Instructions: (pc=0x00000001693d4158)
0x00000001693d4138:   54ffefab d2800019 2a1c03f6 f85703a8
0x00000001693d4148:   b9400107 f85803a8 f9400108 f8757908
0x00000001693d4158:   38796908 f9400309 8b081128 78f47908
0x00000001693d4168:   37f801a8 92403d08 f9405e69 9b1a2501 

Register to memory mapping:

 x0=0x0000000000000000 is an unknown value
 x1=0x00000001780ef870 is an unknown value
 x2=0x00000001776f99b0 is pointing into the stack for thread: 0x000000033280b000
 x3=0x0000000000000002 is an unknown value
 x4=0x00000001776f977c is pointing into the stack for thread: 0x000000033280b000
 x5=0x00000001776f9778 is pointing into the stack for thread: 0x000000033280b000
 x6=0x0000000000000400 is an unknown value
 x7=0x0000000000000020 is an unknown value
 x8=0x0000000000000000 is an unknown value
 x9=0x00000001776f9390 is pointing into the stack for thread: 0x000000033280b000
x10=0x0000000000000006 is an unknown value
x11=0x00000000000000bc is an unknown value
x12=0x0000000000000310 is an unknown value
x13=0x0000000000000000 is an unknown value
x14=0x0000000000000030 is an unknown value
x15=0x0000000000000002 is an unknown value
x16=0x0000000189681030: __bzero+0 in /usr/lib/system/libsystem_platform.dylib at 0x000000018967e000
x17=0x00000001f773cdb0: <offset 0x6e237db0> in /usr/lib/system/libsystem_c.dylib at 0x0000000189505000
x18=0x0000000000000000 is an unknown value
x19=0x000000010e3d2a00 is an unknown value
x20=0x0000000000000000 is an unknown value
x21=0x0000000000000003 is an unknown value
x22=0x0000000000000006 is an unknown value
x23=0x0000000000000400 is an unknown value
x24=0x000000010ce7fa88 is an unknown value
x25=0x0000000000000000 is an unknown value
x26=0x0000000000000848 is an unknown value
x27=0x0000000000000001 is an unknown value
x28=0x0000000000000006 is an unknown value


Stack: [0x00000001774f8000,0x00000001776fb000],  sp=0x00000001776f9380,  free space=2052k
Native frames: (J=compiled Java code, j=interpreted, Vv=VM code, C=native code)
C  [liblwjgl_stb.dylib+0x4c158]
[error occurred during error reporting (printing native stack), id 0xe0000000]

Java frames: (J=compiled Java code, j=interpreted, Vv=VM code)
j  org.lwjgl.stb.STBVorbis.nstb_vorbis_decode_frame_pushdata(JJIJJJ)I+0
j  org.lwjgl.stb.STBVorbis.stb_vorbis_decode_frame_pushdata(JLjava/nio/ByteBuffer;Ljava/nio/IntBuffer;Lorg/lwjgl/PointerBuffer;Ljava/nio/IntBuffer;)I+51
j  net.minecraft.client.audio.OggAudioStream.readOgg(Lnet/minecraft/client/audio/OggAudioStream$Buffer;)Z+52
j  net.minecraft.client.audio.OggAudioStream.readOggSoundWithCapacity(I)Ljava/nio/ByteBuffer;+15
j  net.minecraft.client.audio.SoundSource.readFromStream(I)V+22
j  net.minecraft.client.audio.SoundSource.tick()V+14
j  net.minecraft.client.audio.ChannelManager.lambda$tick$3()V+33
j  net.minecraft.client.audio.ChannelManager$$Lambda$2752.run()V+4
J 8206 C1 net.minecraft.util.concurrent.ThreadTaskExecutor.run(Ljava/lang/Runnable;)V (26 bytes) @ 0x0000000129226748 [0x0000000129226600+0x148]
J 6892 C1 net.minecraft.util.concurrent.ThreadTaskExecutor.driveOne()Z (54 bytes) @ 0x0000000128879520 [0x0000000128879380+0x1a0]
j  net.minecraft.util.concurrent.ThreadTaskExecutor.driveUntil(Ljava/util/function/BooleanSupplier;)V+20
j  net.minecraft.client.audio.SoundEngineExecutor.run()V+14
j  net.minecraft.client.audio.SoundEngineExecutor$$Lambda$2425.run()V+4
j  java.lang.Thread.run()V+11
v  ~StubRoutines::call_stub

---------------  P R O C E S S  ---------------

Java Threads: ( => current thread )
=>0x000000033280b000 JavaThread "Sound engine" daemon [_thread_in_native, id=66827, stack(0x00000001774f8000,0x00000001776fb000)]
  0x000000010e240800 JavaThread "EnvServerSocketHandler" [_thread_in_Java, id=112131, stack(0x000000032ecec000,0x000000032eeef000)]
  0x000000011839b800 JavaThread "Thread-3" [_thread_in_native, id=113159, stack(0x000000032eae0000,0x000000032ece3000)]
  0x000000010f873800 JavaThread "Worker-Main-14" daemon [_thread_blocked, id=81923, stack(0x000000031b610000,0x000000031b813000)]
  0x000000010f872800 JavaThread "Worker-Main-13" daemon [_thread_blocked, id=82435, stack(0x000000031b404000,0x000000031b607000)]
  0x0000000119921000 JavaThread "Worker-Main-12" daemon [_thread_blocked, id=68355, stack(0x000000031ac04000,0x000000031ae07000)]
  0x0000000119920800 JavaThread "Worker-Main-11" daemon [_thread_blocked, id=82947, stack(0x000000031a724000,0x000000031a927000)]
  0x00000001198ff800 JavaThread "Worker-Main-10" daemon [_thread_blocked, id=68099, stack(0x0000000177d28000,0x0000000177f2b000)]
  0x00000001198fe800 JavaThread "Worker-Main-9" daemon [_thread_blocked, id=83459, stack(0x0000000177b1c000,0x0000000177d1f000)]
  0x000000010c424000 JavaThread "Worker-Main-8" daemon [_thread_blocked, id=83715, stack(0x0000000177910000,0x0000000177b13000)]
  0x000000011a0e0800 JavaThread "process reaper" daemon [_thread_blocked, id=66583, stack(0x00000001765ec000,0x000000017668f000)]
  0x000000010d0bb800 JavaThread "Keep-Alive-Timer" daemon [_thread_blocked, id=29707, stack(0x000000017355c000,0x000000017375f000)]
  0x00000001185ac000 JavaThread "Snooper Timer" daemon [_thread_blocked, id=29955, stack(0x0000000173350000,0x0000000173553000)]
  0x000000010d0b4800 JavaThread "Timer hack thread" daemon [_thread_blocked, id=30467, stack(0x0000000173144000,0x0000000173347000)]
  0x0000000119a70000 JavaThread "Worker-Bootstrap-7" daemon [_thread_in_Java, id=30723, stack(0x0000000172f38000,0x000000017313b000)]
  0x000000010c644000 JavaThread "Worker-Bootstrap-6" daemon [_thread_in_Java, id=31235, stack(0x0000000172d2c000,0x0000000172f2f000)]
  0x000000010f043800 JavaThread "Worker-Bootstrap-5" daemon [_thread_in_Java, id=23299, stack(0x0000000172b20000,0x0000000172d23000)]
  0x0000000119a6f000 JavaThread "Worker-Bootstrap-4" daemon [_thread_in_Java, id=22787, stack(0x0000000172914000,0x0000000172b17000)]
  0x0000000119a6d800 JavaThread "Worker-Bootstrap-3" daemon [_thread_in_Java, id=31491, stack(0x0000000172708000,0x000000017290b000)]
  0x0000000118781800 JavaThread "Worker-Bootstrap-2" daemon [_thread_in_Java, id=22275, stack(0x00000001724fc000,0x00000001726ff000)]
  0x0000000118776800 JavaThread "Worker-Bootstrap-1" daemon [_thread_in_Java, id=17427, stack(0x00000001722f0000,0x00000001724f3000)]
  0x000000010e82e000 JavaThread "Service Thread" daemon [_thread_blocked, id=21763, stack(0x0000000171ed8000,0x00000001720db000)]
  0x000000010e80b000 JavaThread "C1 CompilerThread3" daemon [_thread_blocked, id=20227, stack(0x0000000171ccc000,0x0000000171ecf000)]
  0x000000010e80a000 JavaThread "C2 CompilerThread2" daemon [_thread_in_native, id=19715, stack(0x0000000171ac0000,0x0000000171cc3000)]
  0x000000011d021000 JavaThread "C2 CompilerThread1" daemon [_thread_blocked, id=19203, stack(0x00000001718b4000,0x0000000171ab7000)]
  0x000000011d013800 JavaThread "C2 CompilerThread0" daemon [_thread_blocked, id=18947, stack(0x00000001716a8000,0x00000001718ab000)]
  0x000000010e03e000 JavaThread "Signal Dispatcher" daemon [_thread_blocked, id=18435, stack(0x000000017149c000,0x000000017169f000)]
  0x000000010d06e000 JavaThread "Finalizer" daemon [_thread_blocked, id=12803, stack(0x0000000171178000,0x000000017137b000)]
  0x000000010d06b000 JavaThread "Reference Handler" daemon [_thread_blocked, id=12547, stack(0x0000000170f6c000,0x000000017116f000)]
  0x000000010d014000 JavaThread "Render thread" [_thread_in_native, id=259, stack(0x000000016da64000,0x000000016fa64000)]

Other Threads:
  0x000000010d064800 VMThread [stack: 0x0000000170d60000,0x0000000170f63000] [id=14339]
  0x000000010e82e800 WatcherThread [stack: 0x00000001720e4000,0x00000001722e7000] [id=32515]

VM state:not at safepoint (normal execution)

VM Mutex/Monitor currently owned by a thread: None

heap address: 0x00000006c0000000, size: 4096 MB, Compressed Oops mode: Zero based, Oop shift amount: 3
Narrow klass base: 0x0000000800000000, Narrow klass shift: 0
Compressed class space size: 1073741824 Address: 0x0000000800000000

Heap:
 PSYoungGen      total 1323520K, used 1169130K [0x000000076ab00000, 0x00000007bfd00000, 0x00000007c0000000)
  eden space 1251840K, 90% used [0x000000076ab00000,0x00000007af8ca3b8,0x00000007b7180000)
  from space 71680K, 57% used [0x00000007bb680000,0x00000007bde70558,0x00000007bfc80000)
  to   space 70656K, 0% used [0x00000007b7180000,0x00000007b7180000,0x00000007bb680000)
 ParOldGen       total 322048K, used 167522K [0x00000006c0000000, 0x00000006d3a80000, 0x000000076ab00000)
  object space 322048K, 52% used [0x00000006c0000000,0x00000006ca398860,0x00000006d3a80000)
 Metaspace       used 62433K, capacity 67805K, committed 67968K, reserved 1105920K
  class space    used 9129K, capacity 10576K, committed 10624K, reserved 1048576K

Card table byte_map: [0x0000000105800000,0x0000000106004000] byte_map_base: 0x0000000102200000

Marking Bits: (ParMarkBitMap*) 0x0000000106b8a1f8
 Begin Bits: [0x0000000130000000, 0x0000000134000000)
 End Bits:   [0x0000000134000000, 0x0000000138000000)

Polling page: 0x0000000100414000

CodeCache: size=131072Kb used=18138Kb max_used=18589Kb free=112933Kb
 bounds [0x0000000128000000, 0x0000000129250000, 0x0000000130000000]
 total_blobs=7822 nmethods=6334 adapters=1403
 compilation: enabled

Compilation events (10 events):
Event: 15.266 Thread 0x000000010e80b000 nmethod 8345 0x0000000128e5ee50 code [0x0000000128e5ef80, 0x0000000128e5f010]
Event: 15.267 Thread 0x000000010e80b000 8346       3       com.sun.org.apache.xerces.internal.impl.XMLEntityScanner::peekChar (63 bytes)
Event: 15.267 Thread 0x000000010e80b000 nmethod 8346 0x0000000128e5e850 code [0x0000000128e5e9c0, 0x0000000128e5eca8]
Event: 15.267 Thread 0x000000010e80b000 8347       3       com.sun.org.apache.xerces.internal.impl.XMLDocumentFragmentScannerImpl::setScannerState (6 bytes)
Event: 15.267 Thread 0x000000010e80b000 nmethod 8347 0x0000000128d6b290 code [0x0000000128d6b400, 0x0000000128d6b510]
Event: 15.267 Thread 0x000000010e80b000 8348       3       com.sun.org.apache.xerces.internal.util.XMLChar::isSpace (22 bytes)
Event: 15.268 Thread 0x000000010e80b000 nmethod 8348 0x0000000128d6af10 code [0x0000000128d6b080, 0x0000000128d6b1d0]
Event: 15.268 Thread 0x000000010e80b000 8349       1       com.sun.xml.internal.bind.v2.runtime.unmarshaller.UnmarshallingContext$State::getContext (5 bytes)
Event: 15.268 Thread 0x000000010e80b000 nmethod 8349 0x0000000128d6ad10 code [0x0000000128d6ae40, 0x0000000128d6aed0]
Event: 15.269 Thread 0x000000010e80b000 8350       3       java.lang.ThreadLocal::setInitialValue (50 bytes)

GC Heap History (10 events):
Event: 14.372 GC heap before
{Heap before GC invocations=49 (full 3):
 PSYoungGen      total 1302016K, used 1301757K [0x000000076ab00000, 0x00000007c0000000, 0x00000007c0000000)
  eden space 1253376K, 100% used [0x000000076ab00000,0x00000007b7300000,0x00000007b7300000)
  from space 48640K, 99% used [0x00000007b7300000,0x00000007ba23f6a0,0x00000007ba280000)
  to   space 74752K, 0% used [0x00000007bb700000,0x00000007bb700000,0x00000007c0000000)
 ParOldGen       total 322048K, used 155722K [0x00000006c0000000, 0x00000006d3a80000, 0x000000076ab00000)
  object space 322048K, 48% used [0x00000006c0000000,0x00000006c9812b48,0x00000006d3a80000)
 Metaspace       used 58371K, capacity 63605K, committed 63872K, reserved 1103872K
  class space    used 8399K, capacity 9812K, committed 9856K, reserved 1048576K
Event: 14.380 GC heap after
Heap after GC invocations=49 (full 3):
 PSYoungGen      total 1321984K, used 43129K [0x000000076ab00000, 0x00000007c0000000, 0x00000007c0000000)
  eden space 1247232K, 0% used [0x000000076ab00000,0x000000076ab00000,0x00000007b6d00000)
  from space 74752K, 57% used [0x00000007bb700000,0x00000007be11e4d0,0x00000007c0000000)
  to   space 75264K, 0% used [0x00000007b6d00000,0x00000007b6d00000,0x00000007bb680000)
 ParOldGen       total 322048K, used 161194K [0x00000006c0000000, 0x00000006d3a80000, 0x000000076ab00000)
  object space 322048K, 50% used [0x00000006c0000000,0x00000006c9d6abe0,0x00000006d3a80000)
 Metaspace       used 58371K, capacity 63605K, committed 63872K, reserved 1103872K
  class space    used 8399K, capacity 9812K, committed 9856K, reserved 1048576K
}
Event: 14.534 GC heap before
{Heap before GC invocations=50 (full 3):
 PSYoungGen      total 1321984K, used 1290361K [0x000000076ab00000, 0x00000007c0000000, 0x00000007c0000000)
  eden space 1247232K, 100% used [0x000000076ab00000,0x00000007b6d00000,0x00000007b6d00000)
  from space 74752K, 57% used [0x00000007bb700000,0x00000007be11e4d0,0x00000007c0000000)
  to   space 75264K, 0% used [0x00000007b6d00000,0x00000007b6d00000,0x00000007bb680000)
 ParOldGen       total 322048K, used 161194K [0x00000006c0000000, 0x00000006d3a80000, 0x000000076ab00000)
  object space 322048K, 50% used [0x00000006c0000000,0x00000006c9d6abe0,0x00000006d3a80000)
 Metaspace       used 58371K, capacity 63605K, committed 63872K, reserved 1103872K
  class space    used 8399K, capacity 9812K, committed 9856K, reserved 1048576K
Event: 14.540 GC heap after
Heap after GC invocations=50 (full 3):
 PSYoungGen      total 1288192K, used 40785K [0x000000076ab00000, 0x00000007bfe80000, 0x00000007c0000000)
  eden space 1247232K, 0% used [0x000000076ab00000,0x000000076ab00000,0x00000007b6d00000)
  from space 40960K, 99% used [0x00000007b6d00000,0x00000007b94d4578,0x00000007b9500000)
  to   space 74240K, 0% used [0x00000007bb600000,0x00000007bb600000,0x00000007bfe80000)
 ParOldGen       total 322048K, used 163771K [0x00000006c0000000, 0x00000006d3a80000, 0x000000076ab00000)
  object space 322048K, 50% used [0x00000006c0000000,0x00000006c9feecf0,0x00000006d3a80000)
 Metaspace       used 58371K, capacity 63605K, committed 63872K, reserved 1103872K
  class space    used 8399K, capacity 9812K, committed 9856K, reserved 1048576K
}
Event: 14.680 GC heap before
{Heap before GC invocations=51 (full 3):
 PSYoungGen      total 1288192K, used 1288017K [0x000000076ab00000, 0x00000007bfe80000, 0x00000007c0000000)
  eden space 1247232K, 100% used [0x000000076ab00000,0x00000007b6d00000,0x00000007b6d00000)
  from space 40960K, 99% used [0x00000007b6d00000,0x00000007b94d4578,0x00000007b9500000)
  to   space 74240K, 0% used [0x00000007bb600000,0x00000007bb600000,0x00000007bfe80000)
 ParOldGen       total 322048K, used 163771K [0x00000006c0000000, 0x00000006d3a80000, 0x000000076ab00000)
  object space 322048K, 50% used [0x00000006c0000000,0x00000006c9feecf0,0x00000006d3a80000)
 Metaspace       used 58371K, capacity 63605K, committed 63872K, reserved 1103872K
  class space    used 8399K, capacity 9812K, committed 9856K, reserved 1048576K
Event: 14.687 GC heap after
Heap after GC invocations=51 (full 3):
 PSYoungGen      total 1323520K, used 39973K [0x000000076ab00000, 0x00000007c0000000, 0x00000007c0000000)
  eden space 1249280K, 0% used [0x000000076ab00000,0x000000076ab00000,0x00000007b6f00000)
  from space 74240K, 53% used [0x00000007bb600000,0x00000007bdd09560,0x00000007bfe80000)
  to   space 72704K, 0% used [0x00000007b6f00000,0x00000007b6f00000,0x00000007bb600000)
 ParOldGen       total 322048K, used 164835K [0x00000006c0000000, 0x00000006d3a80000, 0x000000076ab00000)
  object space 322048K, 51% used [0x00000006c0000000,0x00000006ca0f8d60,0x00000006d3a80000)
 Metaspace       used 58371K, capacity 63605K, committed 63872K, reserved 1103872K
  class space    used 8399K, capacity 9812K, committed 9856K, reserved 1048576K
}
Event: 14.885 GC heap before
{Heap before GC invocations=52 (full 3):
 PSYoungGen      total 1323520K, used 1289253K [0x000000076ab00000, 0x00000007c0000000, 0x00000007c0000000)
  eden space 1249280K, 100% used [0x000000076ab00000,0x00000007b6f00000,0x00000007b6f00000)
  from space 74240K, 53% used [0x00000007bb600000,0x00000007bdd09560,0x00000007bfe80000)
  to   space 72704K, 0% used [0x00000007b6f00000,0x00000007b6f00000,0x00000007bb600000)
 ParOldGen       total 322048K, used 164835K [0x00000006c0000000, 0x00000006d3a80000, 0x000000076ab00000)
  object space 322048K, 51% used [0x00000006c0000000,0x00000006ca0f8d60,0x00000006d3a80000)
 Metaspace       used 60475K, capacity 65805K, committed 66048K, reserved 1105920K
  class space    used 8726K, capacity 10168K, committed 10240K, reserved 1048576K
Event: 14.892 GC heap after
Heap after GC invocations=52 (full 3):
 PSYoungGen      total 1321984K, used 41216K [0x000000076ab00000, 0x00000007bfc80000, 0x00000007c0000000)
  eden space 1249280K, 0% used [0x000000076ab00000,0x000000076ab00000,0x00000007b6f00000)
  from space 72704K, 56% used [0x00000007b6f00000,0x00000007b97401b0,0x00000007bb600000)
  to   space 71680K, 0% used [0x00000007bb680000,0x00000007bb680000,0x00000007bfc80000)
 ParOldGen       total 322048K, used 165851K [0x00000006c0000000, 0x00000006d3a80000, 0x000000076ab00000)
  object space 322048K, 51% used [0x00000006c0000000,0x00000006ca1f6d60,0x00000006d3a80000)
 Metaspace       used 60475K, capacity 65805K, committed 66048K, reserved 1105920K
  class space    used 8726K, capacity 10168K, committed 10240K, reserved 1048576K
}
Event: 15.103 GC heap before
{Heap before GC invocations=53 (full 3):
 PSYoungGen      total 1321984K, used 1290496K [0x000000076ab00000, 0x00000007bfc80000, 0x00000007c0000000)
  eden space 1249280K, 100% used [0x000000076ab00000,0x00000007b6f00000,0x00000007b6f00000)
  from space 72704K, 56% used [0x00000007b6f00000,0x00000007b97401b0,0x00000007bb600000)
  to   space 71680K, 0% used [0x00000007bb680000,0x00000007bb680000,0x00000007bfc80000)
 ParOldGen       total 322048K, used 165851K [0x00000006c0000000, 0x00000006d3a80000, 0x000000076ab00000)
  object space 322048K, 51% used [0x00000006c0000000,0x00000006ca1f6d60,0x00000006d3a80000)
 Metaspace       used 61454K, capacity 66835K, committed 66944K, reserved 1105920K
  class space    used 8921K, capacity 10339K, committed 10368K, reserved 1048576K
Event: 15.111 GC heap after
Heap after GC invocations=53 (full 3):
 PSYoungGen      total 1323520K, used 40897K [0x000000076ab00000, 0x00000007bfd00000, 0x00000007c0000000)
  eden space 1251840K, 0% used [0x000000076ab00000,0x000000076ab00000,0x00000007b7180000)
  from space 71680K, 57% used [0x00000007bb680000,0x00000007bde70558,0x00000007bfc80000)
  to   space 70656K, 0% used [0x00000007b7180000,0x00000007b7180000,0x00000007bb680000)
 ParOldGen       total 322048K, used 167522K [0x00000006c0000000, 0x00000006d3a80000, 0x000000076ab00000)
  object space 322048K, 52% used [0x00000006c0000000,0x00000006ca398860,0x00000006d3a80000)
 Metaspace       used 61454K, capacity 66835K, committed 66944K, reserved 1105920K
  class space    used 8921K, capacity 10339K, committed 10368K, reserved 1048576K
}

Deoptimization events (10 events):
Event: 14.783 Thread 0x000000010e240800 Uncommon trap: reason=class_check action=maybe_recompile pc=0x0000000128dbdba8 method=java.util.Collections$UnmodifiableCollection.size()I @ 4
Event: 14.784 Thread 0x000000010e240800 Uncommon trap: reason=class_check action=maybe_recompile pc=0x0000000128dbdba8 method=java.util.Collections$UnmodifiableCollection.size()I @ 4
Event: 14.831 Thread 0x000000010e240800 Uncommon trap: reason=unstable_if action=reinterpret pc=0x00000001285389d0 method=java.util.HashMap.putMapEntries(Ljava/util/Map;Z)V @ 15
Event: 14.928 Thread 0x000000010e240800 Uncommon trap: reason=unstable_if action=reinterpret pc=0x0000000129000d70 method=java.lang.ClassLoader.getBootstrapResource(Ljava/lang/String;)Ljava/net/URL; @ 11
Event: 14.947 Thread 0x000000010e240800 Uncommon trap: reason=unstable_if action=reinterpret pc=0x0000000129172074 method=java.lang.reflect.Constructor.newInstance([Ljava/lang/Object;)Ljava/lang/Object; @ 18
Event: 14.947 Thread 0x000000010e240800 Uncommon trap: reason=predicate action=maybe_recompile pc=0x000000012899a588 method=java.lang.String.regionMatches(ZILjava/lang/String;II)Z @ 63
Event: 14.973 Thread 0x000000010e240800 Uncommon trap: reason=unstable_if action=reinterpret pc=0x00000001291a82e8 method=java.io.DataInputStream.readUTF(Ljava/io/DataInput;)Ljava/lang/String; @ 31
Event: 15.046 Thread 0x0000000118776800 Uncommon trap: reason=unstable_if action=reinterpret pc=0x00000001284ff328 method=com.mojang.datafixers.types.templates.List$ListType.equals(Ljava/lang/Object;ZZ)Z @ 23
Event: 15.050 Thread 0x0000000118776800 Uncommon trap: reason=unstable_if action=reinterpret pc=0x00000001289af334 method=com.mojang.datafixers.types.templates.Hook$HookType.equals(Ljava/lang/Object;ZZ)Z @ 29
Event: 15.111 Thread 0x000000010d06b000 Uncommon trap: reason=unstable_if action=reinterpret pc=0x0000000129150bbc method=java.lang.ref.Reference.tryHandlePending(Z)Z @ 104

Classes redefined (0 events):
No events

Internal exceptions (10 events):
Event: 11.863 Thread 0x000000010f873800 Exception <a 'java/lang/NoSuchMethodError': java.lang.Object.lambda$null$0(Lnet/minecraft/block/BlockState;)Z> (0x00000007b3a4e2a0) thrown at [/Users/tester/jenkins/blue/workspace/Zulu/zulu-platform-build/71632/zulu-src.git/hotspot/src/share/vm/interprete
Event: 13.158 Thread 0x000000010d014000 Exception <a 'sun/nio/fs/UnixException'> (0x00000007aeac67d8) thrown at [/Users/tester/jenkins/blue/workspace/Zulu/zulu-platform-build/71632/zulu-src.git/hotspot/src/share/vm/prims/jni.cpp, line 712]
Event: 13.159 Thread 0x000000010d014000 Exception <a 'sun/nio/fs/UnixException'> (0x00000007aeeeaaa0) thrown at [/Users/tester/jenkins/blue/workspace/Zulu/zulu-platform-build/71632/zulu-src.git/hotspot/src/share/vm/prims/jni.cpp, line 712]
Event: 13.170 Thread 0x000000010d014000 Exception <a 'sun/nio/fs/UnixException'> (0x00000007b2482d38) thrown at [/Users/tester/jenkins/blue/workspace/Zulu/zulu-platform-build/71632/zulu-src.git/hotspot/src/share/vm/prims/jni.cpp, line 712]
Event: 13.687 Thread 0x000000010d014000 Implicit null exception at 0x0000000128c625b8 to 0x0000000128c62a60
Event: 14.738 Thread 0x000000010e240800 Exception <a 'java/lang/ClassNotFoundException': com/sun/org/glassfish/hk2/osgiresourcelocator/ServiceLoader> (0x00000007818360b8) thrown at [/Users/tester/jenkins/blue/workspace/Zulu/zulu-platform-build/71632/zulu-src.git/hotspot/src/share/vm/classfile/s
Event: 14.747 Thread 0x000000010e240800 Exception <a 'java/lang/NullPointerException'> (0x000000078183b7f8) thrown at [/Users/tester/jenkins/blue/workspace/Zulu/zulu-platform-build/71632/zulu-src.git/hotspot/src/share/vm/interpreter/linkResolver.cpp, line 1287]
Event: 14.859 Thread 0x000000010e240800 Exception <a 'java/lang/ClassCastException': sun.reflect.generics.reflectiveObjects.WildcardTypeImpl cannot be cast to java.lang.Class> (0x00000007a9b5f130) thrown at [/Users/tester/jenkins/blue/workspace/Zulu/zulu-platform-build/71632/zulu-src.git/hotspo
Event: 14.860 Thread 0x000000010e240800 Exception <a 'java/lang/ClassCastException': sun.reflect.generics.reflectiveObjects.WildcardTypeImpl cannot be cast to java.lang.Class> (0x00000007a9b632c8) thrown at [/Users/tester/jenkins/blue/workspace/Zulu/zulu-platform-build/71632/zulu-src.git/hotspo
Event: 14.920 Thread 0x000000010e240800 Exception <a 'java/lang/ClassCastException': sun.reflect.generics.reflectiveObjects.WildcardTypeImpl cannot be cast to java.lang.Class> (0x0000000773a2c070) thrown at [/Users/tester/jenkins/blue/workspace/Zulu/zulu-platform-build/71632/zulu-src.git/hotspo

Events (10 events):
Event: 15.269 Executing VM operation: RevokeBias
Event: 15.269 Executing VM operation: RevokeBias done
Event: 15.269 Thread 0x000000011a14b000 Thread exited: 0x000000011a14b000
Event: 15.270 Thread 0x000000033280b000 Thread added: 0x000000033280b000
Event: 15.270 loading class net/minecraft/client/audio/ChannelManager$Entry
Event: 15.270 loading class net/minecraft/client/audio/ChannelManager$Entry done
Event: 15.270 loading class net/minecraft/client/audio/ChannelManager$Entry
Event: 15.270 loading class net/minecraft/client/audio/ChannelManager$Entry done
Event: 15.270 loading class net/minecraft/client/audio/ChannelManager$Entry
Event: 15.270 loading class net/minecraft/client/audio/ChannelManager$Entry done


Dynamic libraries:
0x00000001a8f13000 	/System/Library/Frameworks/Cocoa.framework/Versions/A/Cocoa
0x000000018db31000 	/System/Library/Frameworks/AppKit.framework/Versions/C/AppKit
0x0000000191172000 	/System/Library/Frameworks/CoreData.framework/Versions/A/CoreData
0x000000018af26000 	/System/Library/Frameworks/Foundation.framework/Versions/C/Foundation
0x00000001994d2000 	/usr/lib/libSystem.B.dylib
0x000000018f255000 	/System/Library/PrivateFrameworks/UIFoundation.framework/Versions/A/UIFoundation
0x00000002427be000 	/System/Library/PrivateFrameworks/CollectionViewCore.framework/Versions/A/CollectionViewCore
0x0000000196773000 	/System/Library/PrivateFrameworks/XCTTargetBootstrap.framework/Versions/A/XCTTargetBootstrap
0x00000002550ef000 	/System/Library/PrivateFrameworks/GenerativeModels.framework/Versions/A/GenerativeModels
0x000000019beea000 	/System/Library/PrivateFrameworks/InternationalSupport.framework/Versions/A/InternationalSupport
0x000000019c246000 	/System/Library/PrivateFrameworks/UserActivity.framework/Versions/A/UserActivity
0x0000000191802000 	/System/Library/PrivateFrameworks/BaseBoard.framework/Versions/A/BaseBoard
0x000000024c29f000 	/System/Library/PrivateFrameworks/FrontBoard.framework/Versions/A/FrontBoard
0x00000001a3c53000 	/System/Library/PrivateFrameworks/FrontBoardServices.framework/Versions/A/FrontBoardServices
0x000000028d47b000 	/usr/lib/libRosetta.dylib
0x000000028078b000 	/System/Library/PrivateFrameworks/UIIntelligenceSupport.framework/Versions/A/UIIntelligenceSupport
0x0000000236acb000 	/System/Library/Frameworks/SwiftUICore.framework/Versions/A/SwiftUICore
0x0000000287335000 	/System/Library/PrivateFrameworks/WritingTools.framework/Versions/A/WritingTools
0x000000028612c000 	/System/Library/PrivateFrameworks/WindowManagement.framework/Versions/A/WindowManagement
0x000000018ab95000 	/System/Library/Frameworks/SystemConfiguration.framework/Versions/A/SystemConfiguration
0x000000019b155000 	/usr/lib/libspindump.dylib
0x000000018f40e000 	/System/Library/Frameworks/UniformTypeIdentifiers.framework/Versions/A/UniformTypeIdentifiers
0x0000000198725000 	/usr/lib/libbsm.0.dylib
0x0000000193f03000 	/usr/lib/libapp_launch_measurement.dylib
0x000000019320d000 	/System/Library/PrivateFrameworks/CoreAnalytics.framework/Versions/A/CoreAnalytics
0x0000000193f07000 	/System/Library/PrivateFrameworks/CoreAutoLayout.framework/Versions/A/CoreAutoLayout
0x0000000195cec000 	/System/Library/Frameworks/Metal.framework/Versions/A/Metal
0x00000001970b0000 	/usr/lib/liblangid.dylib
0x0000000196779000 	/System/Library/PrivateFrameworks/CoreSVG.framework/Versions/A/CoreSVG
0x000000018fe69000 	/System/Library/PrivateFrameworks/SkyLight.framework/Versions/A/SkyLight
0x000000024bfcf000 	/System/Library/PrivateFrameworks/FocusEngine.framework/Versions/A/FocusEngine
0x0000000190420000 	/System/Library/Frameworks/CoreGraphics.framework/Versions/A/CoreGraphics
0x00000002499d9000 	/System/Library/PrivateFrameworks/DesignLibrary.framework/Versions/A/DesignLibrary
0x00000001a1ed4000 	/System/Library/Frameworks/Accelerate.framework/Versions/A/Accelerate
0x000000019af4a000 	/System/Library/PrivateFrameworks/IconServices.framework/Versions/A/IconServices
0x0000000195cc4000 	/System/Library/Frameworks/IOSurface.framework/Versions/A/IOSurface
0x000000019323d000 	/usr/lib/libDiagnosticMessagesClient.dylib
0x000000019941c000 	/usr/lib/libz.1.dylib
0x00000001a632f000 	/System/Library/Frameworks/ApplicationServices.framework/Versions/A/ApplicationServices
0x000000019675e000 	/System/Library/PrivateFrameworks/DFRFoundation.framework/Versions/A/DFRFoundation
0x000000018d37e000 	/usr/lib/libicucore.A.dylib
0x000000019d473000 	/System/Library/Frameworks/AudioToolbox.framework/Versions/A/AudioToolbox
0x000000019c1f4000 	/System/Library/PrivateFrameworks/DataDetectorsCore.framework/Versions/A/DataDetectorsCore
0x00000002816d8000 	/System/Library/PrivateFrameworks/UpdateCycle.framework/Versions/A/UpdateCycle
0x00000001bae80000 	/System/Library/PrivateFrameworks/TextInput.framework/Versions/A/TextInput
0x000000018fdad000 	/usr/lib/libMobileGestalt.dylib
0x0000000196462000 	/System/Library/Frameworks/Carbon.framework/Versions/A/Frameworks/HIToolbox.framework/Versions/A/HIToolbox
0x0000000193767000 	/System/Library/Frameworks/QuartzCore.framework/Versions/A/QuartzCore
0x000000018cf5e000 	/System/Library/Frameworks/Security.framework/Versions/A/Security
0x00000001a1843000 	/System/Library/Frameworks/Carbon.framework/Versions/A/Frameworks/SpeechRecognition.framework/Versions/A/SpeechRecognition
0x0000000193bce000 	/System/Library/PrivateFrameworks/CoreUI.framework/Versions/A/CoreUI
0x000000018c7c8000 	/System/Library/Frameworks/CoreAudio.framework/Versions/A/CoreAudio
0x0000000193338000 	/System/Library/Frameworks/DiskArbitration.framework/Versions/A/DiskArbitration
0x000000019b6f3000 	/System/Library/PrivateFrameworks/MultitouchSupport.framework/Versions/A/MultitouchSupport
0x000000018fdab000 	/usr/lib/libenergytrace.dylib
0x00000001adfd5000 	/System/Library/PrivateFrameworks/RenderBox.framework/Versions/A/RenderBox
0x000000018d9d6000 	/System/Library/Frameworks/IOKit.framework/Versions/A/IOKit
0x00000001a1c55000 	/System/Library/Frameworks/CoreServices.framework/Versions/A/CoreServices
0x0000000193e8a000 	/System/Library/PrivateFrameworks/PerformanceAnalysis.framework/Versions/A/PerformanceAnalysis
0x000000022f3b1000 	/System/Library/Frameworks/OpenGL.framework/Versions/A/OpenGL
0x0000000193f50000 	/usr/lib/libxml2.2.dylib
0x0000000198606000 	/System/Library/PrivateFrameworks/MobileKeyBag.framework/Versions/A/MobileKeyBag
0x0000000189204000 	/usr/lib/libobjc.A.dylib
0x0000000189587000 	/usr/lib/libc++.1.dylib
0x00000001a1bd3000 	/System/Library/Frameworks/Accessibility.framework/Versions/A/Accessibility
0x0000000190b76000 	/System/Library/Frameworks/ColorSync.framework/Versions/A/ColorSync
0x00000001896b7000 	/System/Library/Frameworks/CoreFoundation.framework/Versions/A/CoreFoundation
0x0000000196af8000 	/System/Library/Frameworks/CoreImage.framework/Versions/A/CoreImage
0x000000018c59e000 	/System/Library/Frameworks/CoreText.framework/Versions/A/CoreText
0x0000000230db2000 	/System/Library/Frameworks/CoreTransferable.framework/Versions/A/CoreTransferable
0x00000002312cd000 	/System/Library/Frameworks/DataDetection.framework/Versions/A/DataDetection
0x00000002312e4000 	/System/Library/Frameworks/DeveloperToolsSupport.framework/Versions/A/DeveloperToolsSupport
0x00000001967b7000 	/System/Library/Frameworks/ImageIO.framework/Versions/A/ImageIO
0x0000000237a28000 	/System/Library/Frameworks/Symbols.framework/Versions/A/Symbols
0x00000001c0216000 	/System/Library/PrivateFrameworks/AttributeGraph.framework/Versions/A/AttributeGraph
0x00000001a3d2d000 	/System/Library/PrivateFrameworks/BoardServices.framework/Versions/A/BoardServices
0x00000001e553f000 	/System/Library/PrivateFrameworks/FeatureFlags.framework/Versions/A/FeatureFlags
0x000000025559a000 	/System/Library/PrivateFrameworks/Gestures.framework/Versions/A/Gestures
0x00000001994d6000 	/System/Library/PrivateFrameworks/SoftLinking.framework/Versions/A/SoftLinking
0x00000001cef39000 	/usr/lib/swift/libswiftAccelerate.dylib
0x00000001c507d000 	/usr/lib/swift/libswiftCompression.dylib
0x000000019cdc7000 	/usr/lib/swift/libswiftCore.dylib
0x00000001b7098000 	/usr/lib/swift/libswiftCoreFoundation.dylib
0x00000001b70f8000 	/usr/lib/swift/libswiftCoreImage.dylib
0x00000001a39cc000 	/usr/lib/swift/libswiftDispatch.dylib
0x00000001b70f9000 	/usr/lib/swift/libswiftIOKit.dylib
0x00000001c506f000 	/usr/lib/swift/libswiftMetal.dylib
0x00000001d487c000 	/usr/lib/swift/libswiftOSLog.dylib
0x00000001a69a6000 	/usr/lib/swift/libswiftObjectiveC.dylib
0x000000028ebea000 	/usr/lib/swift/libswiftObservation.dylib
0x00000001ca491000 	/usr/lib/swift/libswiftQuartzCore.dylib
0x000000028ecac000 	/usr/lib/swift/libswiftSpatial.dylib
0x000000028ed26000 	/usr/lib/swift/libswiftSynchronization.dylib
0x00000001cef29000 	/usr/lib/swift/libswiftUniformTypeIdentifiers.dylib
0x00000001b70ab000 	/usr/lib/swift/libswiftXPC.dylib
0x000000028ed6c000 	/usr/lib/swift/libswift_Builtin_float.dylib
0x000000028ed6d000 	/usr/lib/swift/libswift_Concurrency.dylib
0x00000001a69aa000 	/usr/lib/swift/libswiftos.dylib
0x00000001babf2000 	/usr/lib/swift/libswiftsimd.dylib
0x000000019977d000 	/usr/lib/libcompression.dylib
0x000000019be53000 	/System/Library/PrivateFrameworks/TextureIO.framework/Versions/A/TextureIO
0x0000000190d1e000 	/System/Library/Frameworks/ApplicationServices.framework/Versions/A/Frameworks/HIServices.framework/Versions/A/HIServices
0x000000019abd4000 	/usr/lib/libate.dylib
0x00000001994cc000 	/usr/lib/system/libcache.dylib
0x0000000199487000 	/usr/lib/system/libcommonCrypto.dylib
0x00000001994b2000 	/usr/lib/system/libcompiler_rt.dylib
0x00000001994a7000 	/usr/lib/system/libcopyfile.dylib
0x00000001893ba000 	/usr/lib/system/libcorecrypto.dylib
0x00000001894ba000 	/usr/lib/system/libdispatch.dylib
0x0000000189257000 	/usr/lib/system/libdyld.dylib
0x00000001994c2000 	/usr/lib/system/libkeymgr.dylib
0x000000019946a000 	/usr/lib/system/libmacho.dylib
0x00000001986fd000 	/usr/lib/system/libquarantine.dylib
0x00000001994bf000 	/usr/lib/system/libremovefile.dylib
0x000000018fe2d000 	/usr/lib/system/libsystem_asl.dylib
0x0000000189340000 	/usr/lib/system/libsystem_blocks.dylib
0x0000000189505000 	/usr/lib/system/libsystem_c.dylib
0x00000001994b6000 	/usr/lib/system/libsystem_collections.dylib
0x000000019709d000 	/usr/lib/system/libsystem_configuration.dylib
0x0000000195c8b000 	/usr/lib/system/libsystem_containermanager.dylib
0x0000000198e9c000 	/usr/lib/system/libsystem_coreservices.dylib
0x000000018d654000 	/usr/lib/system/libsystem_darwin.dylib
0x000000028f08e000 	/usr/lib/system/libsystem_darwindirectory.dylib
0x00000001994c3000 	/usr/lib/system/libsystem_dnssd.dylib
0x000000028f092000 	/usr/lib/system/libsystem_eligibility.dylib
0x0000000189502000 	/usr/lib/system/libsystem_featureflags.dylib
0x0000000189687000 	/usr/lib/system/libsystem_info.dylib
0x000000019942b000 	/usr/lib/system/libsystem_m.dylib
0x0000000189469000 	/usr/lib/system/libsystem_malloc.dylib
0x000000018fd90000 	/usr/lib/system/libsystem_networkextension.dylib
0x000000018dabf000 	/usr/lib/system/libsystem_notify.dylib
0x00000001970a2000 	/usr/lib/system/libsystem_sandbox.dylib
0x000000028f09d000 	/usr/lib/system/libsystem_sanitizers.dylib
0x00000001994bb000 	/usr/lib/system/libsystem_secinit.dylib
0x0000000189633000 	/usr/lib/system/libsystem_kernel.dylib
0x000000018967e000 	/usr/lib/system/libsystem_platform.dylib
0x0000000189671000 	/usr/lib/system/libsystem_pthread.dylib
0x00000001919e6000 	/usr/lib/system/libsystem_symptoms.dylib
0x0000000189399000 	/usr/lib/system/libsystem_trace.dylib
0x000000028f0a5000 	/usr/lib/system/libsystem_trial.dylib
0x0000000199495000 	/usr/lib/system/libunwind.dylib
0x0000000189344000 	/usr/lib/system/libxpc.dylib
0x0000000189618000 	/usr/lib/libc++abi.dylib
0x000000028e8f7000 	/usr/lib/libswiftPrespecialized.dylib
0x00000001994d4000 	/usr/lib/libfakelink.dylib
0x000000018f9da000 	/System/Library/Frameworks/CFNetwork.framework/Versions/A/CFNetwork
0x0000000199527000 	/usr/lib/libarchive.2.dylib
0x000000019f8c7000 	/System/Library/Frameworks/Combine.framework/Versions/A/Combine
0x00000002427e3000 	/System/Library/PrivateFrameworks/CollectionsInternal.framework/Versions/A/CollectionsInternal
0x000000026e825000 	/System/Library/PrivateFrameworks/ReflectionInternal.framework/Versions/A/ReflectionInternal
0x000000026f779000 	/System/Library/PrivateFrameworks/RuntimeInternal.framework/Versions/A/RuntimeInternal
0x00000001b3e52000 	/usr/lib/swift/libswiftDarwin.dylib
0x000000028ed3a000 	/usr/lib/swift/libswiftSystem.dylib
0x000000028edf9000 	/usr/lib/swift/libswift_DarwinFoundation1.dylib
0x000000028ee9d000 	/usr/lib/swift/libswift_StringProcessing.dylib
0x000000018d956000 	/System/Library/PrivateFrameworks/CoreServicesInternal.framework/Versions/A/CoreServicesInternal
0x000000019949f000 	/usr/lib/liboah.dylib
0x00000001a5dda000 	/System/Library/PrivateFrameworks/DiskImages.framework/Versions/A/DiskImages
0x00000001b38f6000 	/System/Library/Frameworks/NetFS.framework/Versions/A/NetFS
0x0000000193ecc000 	/System/Library/Frameworks/CoreServices.framework/Versions/A/Frameworks/FSEvents.framework/Versions/A/FSEvents
0x000000018d65e000 	/System/Library/Frameworks/CoreServices.framework/Versions/A/Frameworks/CarbonCore.framework/Versions/A/CarbonCore
0x00000001932ac000 	/System/Library/Frameworks/CoreServices.framework/Versions/A/Frameworks/Metadata.framework/Versions/A/Metadata
0x0000000198ea3000 	/System/Library/Frameworks/CoreServices.framework/Versions/A/Frameworks/OSServices.framework/Versions/A/OSServices
0x000000019961f000 	/System/Library/Frameworks/CoreServices.framework/Versions/A/Frameworks/SearchKit.framework/Versions/A/SearchKit
0x0000000191960000 	/System/Library/Frameworks/CoreServices.framework/Versions/A/Frameworks/AE.framework/Versions/A/AE
0x0000000189c16000 	/System/Library/Frameworks/CoreServices.framework/Versions/A/Frameworks/LaunchServices.framework/Versions/A/LaunchServices
0x000000019aa28000 	/System/Library/Frameworks/CoreServices.framework/Versions/A/Frameworks/DictionaryServices.framework/Versions/A/DictionaryServices
0x0000000193ed9000 	/System/Library/Frameworks/CoreServices.framework/Versions/A/Frameworks/SharedFileList.framework/Versions/A/SharedFileList
0x00000001996b2000 	/usr/lib/libapple_nghttp2.dylib
0x000000019157c000 	/usr/lib/libsqlite3.dylib
0x0000000191765000 	/System/Library/Frameworks/Accounts.framework/Versions/A/Accounts
0x00000001a601c000 	/System/Library/PrivateFrameworks/AppSupport.framework/Versions/A/AppSupport
0x00000001b5e4a000 	/System/Library/Frameworks/AVFoundation.framework/Versions/A/AVFoundation
0x000000019db01000 	/System/Library/Frameworks/GSS.framework/Versions/A/GSS
0x00000001918f4000 	/System/Library/PrivateFrameworks/RunningBoardServices.framework/Versions/A/RunningBoardServices
0x00000001a692e000 	/System/Library/PrivateFrameworks/StreamingZip.framework/Versions/A/StreamingZip
0x00000001919ef000 	/System/Library/Frameworks/Network.framework/Versions/A/Network
0x000000019946e000 	/usr/lib/system/libkxld.dylib
0x000000023ddb5000 	/System/Library/PrivateFrameworks/AppleKeyStore.framework/Versions/A/AppleKeyStore
0x000000028d17d000 	/usr/lib/libCoreEntitlements.dylib
0x0000000262ef1000 	/System/Library/PrivateFrameworks/MessageSecurity.framework/Versions/A/MessageSecurity
0x0000000191560000 	/System/Library/PrivateFrameworks/ProtocolBuffer.framework/Versions/A/ProtocolBuffer
0x00000001a2ddb000 	/System/Library/PrivateFrameworks/SymptomDiagnosticReporter.framework/Versions/A/SymptomDiagnosticReporter
0x000000019ac6d000 	/System/Library/PrivateFrameworks/CrashReporterSupport.framework/Versions/A/CrashReporterSupport
0x0000000198e83000 	/System/Library/PrivateFrameworks/AppleFSCompression.framework/Versions/A/AppleFSCompression
0x000000019870d000 	/usr/lib/libcoretls.dylib
0x000000019aa9e000 	/usr/lib/libcoretls_cfhelpers.dylib
0x0000000199777000 	/usr/lib/libpam.2.dylib
0x000000019ab14000 	/usr/lib/libxar.1.dylib
0x000000019aaa0000 	/System/Library/PrivateFrameworks/APFS.framework/Versions/A/APFS
0x000000027aeff000 	/System/Library/PrivateFrameworks/SwiftASN1Internal.framework/Versions/A/SwiftASN1Internal
0x000000019ab23000 	/usr/lib/libutil.dylib
0x00000001970ab000 	/System/Library/PrivateFrameworks/AppleSystemInfo.framework/Versions/A/AppleSystemInfo
0x00000001983d4000 	/System/Library/PrivateFrameworks/IOMobileFramebuffer.framework/Versions/A/IOMobileFramebuffer
0x00000001a573a000 	/System/Library/PrivateFrameworks/CoreWiFi.framework/Versions/A/CoreWiFi
0x00000001b6f58000 	/System/Library/PrivateFrameworks/LoggingSupport.framework/Versions/A/LoggingSupport
0x000000019db64000 	/System/Library/PrivateFrameworks/MobileAsset.framework/Versions/A/MobileAsset
0x00000001a2deb000 	/System/Library/PrivateFrameworks/PowerLog.framework/Versions/A/PowerLog
0x00000001a42ad000 	/System/Library/PrivateFrameworks/Rapport.framework/Versions/A/Rapport
0x000000023695e000 	/System/Library/Frameworks/SwiftData.framework/Versions/A/SwiftData
0x00000001940f9000 	/System/Library/PrivateFrameworks/UserManagement.framework/Versions/A/UserManagement
0x000000018f901000 	/usr/lib/libboringssl.dylib
0x00000001919d4000 	/usr/lib/libdns_services.dylib
0x00000001b5f7e000 	/usr/lib/libquic.dylib
0x000000019cd58000 	/usr/lib/libusrtcp.dylib
0x000000023ec6f000 	/System/Library/PrivateFrameworks/AtomicsInternal.framework/Versions/A/AtomicsInternal
0x00000001dd335000 	/System/Library/PrivateFrameworks/InternalSwiftProtobuf.framework/Versions/A/InternalSwiftProtobuf
0x000000028ebc1000 	/usr/lib/swift/libswiftDistributed.dylib
0x00000001970a9000 	/System/Library/PrivateFrameworks/AggregateDictionary.framework/Versions/A/AggregateDictionary
0x000000023f49f000 	/System/Library/PrivateFrameworks/BiomeLibrary.framework/Versions/A/BiomeLibrary
0x00000001c60e2000 	/System/Library/PrivateFrameworks/BiomeStreams.framework/Versions/A/BiomeStreams
0x00000001c2131000 	/System/Library/PrivateFrameworks/BiomeFoundation.framework/Versions/A/BiomeFoundation
0x00000001cc38b000 	/System/Library/PrivateFrameworks/BiomePubSub.framework/Versions/A/BiomePubSub
0x00000001a7911000 	/System/Library/PrivateFrameworks/ProactiveSupport.framework/Versions/A/ProactiveSupport
0x00000002389bc000 	/System/Library/Frameworks/_LocationEssentials.framework/Versions/A/_LocationEssentials
0x000000019aa7f000 	/usr/lib/liblzma.5.dylib
0x00000001a6330000 	/System/Library/PrivateFrameworks/InternationalTextSearch.framework/Versions/A/InternationalTextSearch
0x00000001be603000 	/System/Library/PrivateFrameworks/SoftwareUpdateCoreSupport.framework/Versions/A/SoftwareUpdateCoreSupport
0x00000001c6b81000 	/System/Library/PrivateFrameworks/SoftwareUpdateCoreConnect.framework/Versions/A/SoftwareUpdateCoreConnect
0x00000001a5ed4000 	/System/Library/PrivateFrameworks/RemoteServiceDiscovery.framework/Versions/A/RemoteServiceDiscovery
0x00000001be1da000 	/System/Library/PrivateFrameworks/MSUDataAccessor.framework/Versions/A/MSUDataAccessor
0x00000001b912b000 	/usr/lib/libbootpolicy.dylib
0x00000001a5eeb000 	/System/Library/PrivateFrameworks/RemoteXPC.framework/Versions/A/RemoteXPC
0x00000001c5fb6000 	/usr/lib/libFDR.dylib
0x00000001cbf8d000 	/usr/lib/libamsupport.dylib
0x000000028d473000 	/usr/lib/libReverseProxyDevice.dylib
0x000000023d623000 	/System/Library/PrivateFrameworks/AppleDeviceQuerySupport.framework/Versions/A/AppleDeviceQuerySupport
0x00000001cf157000 	/usr/lib/libpartition2_dynamic.dylib
0x000000019968e000 	/System/Library/PrivateFrameworks/AppleSauce.framework/Versions/A/AppleSauce
0x000000028d028000 	/usr/lib/libAppleArchive.dylib
0x0000000198e8f000 	/usr/lib/libbz2.1.0.dylib
0x0000000193342000 	/System/Library/Frameworks/Accelerate.framework/Versions/A/Frameworks/vImage.framework/Versions/A/vImage
0x00000001a1c30000 	/System/Library/Frameworks/Accelerate.framework/Versions/A/Frameworks/vecLib.framework/Versions/A/vecLib
0x000000019ab5a000 	/System/Library/Frameworks/Accelerate.framework/Versions/A/Frameworks/vecLib.framework/Versions/A/libvMisc.dylib
0x000000018a11a000 	/System/Library/Frameworks/Accelerate.framework/Versions/A/Frameworks/vecLib.framework/Versions/A/libBLAS.dylib
0x0000000194037000 	/System/Library/Frameworks/CoreVideo.framework/Versions/A/CoreVideo
0x000000019d711000 	/System/Library/Frameworks/ApplicationServices.framework/Versions/A/Frameworks/ATS.framework/Versions/A/ATS
0x000000019bde0000 	/System/Library/Frameworks/ApplicationServices.framework/Versions/A/Frameworks/PrintCore.framework/Versions/A/PrintCore
0x000000019daca000 	/System/Library/Frameworks/ApplicationServices.framework/Versions/A/Frameworks/QD.framework/Versions/A/QD
0x000000019dac5000 	/System/Library/Frameworks/ApplicationServices.framework/Versions/A/Frameworks/ColorSyncLegacy.framework/Versions/A/ColorSyncLegacy
0x000000019d6e3000 	/System/Library/Frameworks/ApplicationServices.framework/Versions/A/Frameworks/SpeechSynthesis.framework/Versions/A/SpeechSynthesis
0x0000000196192000 	/System/Library/PrivateFrameworks/FontServices.framework/libFontParser.dylib
0x00000001a5bfc000 	/System/Library/PrivateFrameworks/BackBoardServices.framework/Versions/A/BackBoardServices
0x000000023f3a4000 	/System/Library/PrivateFrameworks/BackBoardHIDEventFoundation.framework/Versions/A/BackBoardHIDEventFoundation
0x000000018c0ba000 	/System/Library/Frameworks/CoreDisplay.framework/Versions/A/CoreDisplay
0x000000019b739000 	/System/Library/Frameworks/VideoToolbox.framework/Versions/A/VideoToolbox
0x0000000199775000 	/System/Library/Frameworks/MetalPerformanceShaders.framework/Versions/A/MetalPerformanceShaders
0x000000026d72f000 	/System/Library/PrivateFrameworks/ProDisplayLibrary.framework/Versions/A/ProDisplayLibrary
0x00000001a9a31000 	/System/Library/PrivateFrameworks/IOSurfaceAccelerator.framework/Versions/A/IOSurfaceAccelerator
0x0000000195ce1000 	/System/Library/PrivateFrameworks/IOAccelerator.framework/Versions/A/IOAccelerator
0x0000000195ff0000 	/System/Library/Frameworks/CoreMedia.framework/Versions/A/CoreMedia
0x000000018fe45000 	/System/Library/PrivateFrameworks/TCC.framework/Versions/A/TCC
0x000000019b6f1000 	/System/Library/PrivateFrameworks/WatchdogClient.framework/Versions/A/WatchdogClient
0x00000001b7078000 	/usr/lib/swift/libswiftCoreAudio.dylib
0x00000001d30c9000 	/usr/lib/swift/libswiftCoreMedia.dylib
0x000000028ed54000 	/usr/lib/swift/libswiftVideoToolbox.dylib
0x00000001cc3ec000 	/System/Library/PrivateFrameworks/BiomeStorage.framework/Versions/A/BiomeStorage
0x000000025bbe0000 	/System/Library/PrivateFrameworks/IntelligencePlatformLibrary.framework/Versions/A/IntelligencePlatformLibrary
0x000000026c4f3000 	/System/Library/PrivateFrameworks/PoirotSchematizer.framework/Versions/A/PoirotSchematizer
0x000000023fd5a000 	/System/Library/PrivateFrameworks/BiomeSync.framework/Versions/A/BiomeSync
0x000000023f485000 	/System/Library/PrivateFrameworks/BiomeDSL.framework/Versions/A/BiomeDSL
0x000000026c561000 	/System/Library/PrivateFrameworks/PoirotUDFs.framework/Versions/A/PoirotUDFs
0x000000028edfc000 	/usr/lib/swift/libswift_DarwinFoundation2.dylib
0x000000028edfd000 	/usr/lib/swift/libswift_DarwinFoundation3.dylib
0x00000001a42a2000 	/System/Library/PrivateFrameworks/CoreTime.framework/Versions/A/CoreTime
0x000000019950c000 	/usr/lib/libiconv.2.dylib
0x0000000199469000 	/usr/lib/libcharset.1.dylib
0x000000026c4b6000 	/System/Library/PrivateFrameworks/PoirotSQLite.framework/Versions/A/PoirotSQLite
0x000000028edfe000 	/usr/lib/swift/libswift_RegexParser.dylib
0x0000000241390000 	/System/Library/PrivateFrameworks/CascadeSets.framework/Versions/A/CascadeSets
0x000000019dcdb000 	/System/Library/PrivateFrameworks/CorePhoneNumbers.framework/Versions/A/CorePhoneNumbers
0x000000019b4eb000 	/System/Library/PrivateFrameworks/AppleJPEG.framework/Versions/A/AppleJPEG
0x000000019aec4000 	/usr/lib/libexpat.1.dylib
0x000000019bcb6000 	/System/Library/Frameworks/ImageIO.framework/Versions/A/Resources/libPng.dylib
0x000000019bce1000 	/System/Library/Frameworks/ImageIO.framework/Versions/A/Resources/libTIFF.dylib
0x000000019bdc9000 	/System/Library/Frameworks/ImageIO.framework/Versions/A/Resources/libGIF.dylib
0x000000019b530000 	/System/Library/Frameworks/ImageIO.framework/Versions/A/Resources/libJP2.dylib
0x000000019bd70000 	/System/Library/Frameworks/ImageIO.framework/Versions/A/Resources/libJPEG.dylib
0x000000019bd67000 	/System/Library/Frameworks/ImageIO.framework/Versions/A/Resources/libRadiance.dylib
0x0000000251833000 	/System/Library/PrivateFrameworks/GPUCompiler.framework/Versions/32023/Libraries/libllvm-flatbuffers.dylib
0x000000024c292000 	/System/Library/PrivateFrameworks/FramePacing.framework/Versions/A/FramePacing
0x000000022f3a3000 	/System/Library/Frameworks/OpenGL.framework/Versions/A/Libraries/libCoreFSCache.dylib
0x000000024d3c0000 	/System/Library/PrivateFrameworks/GPUCompiler.framework/Versions/32023/Libraries/libGPUCompilerUtils.dylib
0x00000001a3dfa000 	/System/Library/PrivateFrameworks/GraphicsServices.framework/Versions/A/GraphicsServices
0x000000022f402000 	/System/Library/Frameworks/OpenGL.framework/Versions/A/Libraries/libGLU.dylib
0x000000022f3c5000 	/System/Library/Frameworks/OpenGL.framework/Versions/A/Libraries/libGFXShared.dylib
0x000000022f592000 	/System/Library/Frameworks/OpenGL.framework/Versions/A/Libraries/libGL.dylib
0x000000022f3ce000 	/System/Library/Frameworks/OpenGL.framework/Versions/A/Libraries/libGLImage.dylib
0x000000022f3c2000 	/System/Library/Frameworks/OpenGL.framework/Versions/A/Libraries/libCVMSPluginSupport.dylib
0x000000022f3ab000 	/System/Library/Frameworks/OpenGL.framework/Versions/A/Libraries/libCoreVMClient.dylib
0x000000019bd62000 	/System/Library/PrivateFrameworks/GPUWrangler.framework/Versions/A/GPUWrangler
0x000000019bd42000 	/System/Library/PrivateFrameworks/IOPresentment.framework/Versions/A/IOPresentment
0x000000019bd6a000 	/System/Library/PrivateFrameworks/DSExternalDisplay.framework/Versions/A/DSExternalDisplay
0x0000000282db5000 	/System/Library/PrivateFrameworks/VideoToolboxParavirtualizationSupport.framework/Versions/A/VideoToolboxParavirtualizationSupport
0x000000019ae7b000 	/System/Library/PrivateFrameworks/AppleVA.framework/Versions/A/AppleVA
0x000000023142e000 	/System/Library/Frameworks/ExtensionFoundation.framework/Versions/A/ExtensionFoundation
0x000000019bdcf000 	/System/Library/PrivateFrameworks/CMCaptureCore.framework/Versions/A/CMCaptureCore
0x000000019b148000 	/System/Library/PrivateFrameworks/AppServerSupport.framework/Versions/A/AppServerSupport
0x000000019dad3000 	/System/Library/PrivateFrameworks/perfdata.framework/Versions/A/perfdata
0x000000018c1db000 	/System/Library/PrivateFrameworks/AudioToolboxCore.framework/Versions/A/AudioToolboxCore
0x0000000195fc6000 	/System/Library/PrivateFrameworks/caulk.framework/Versions/A/caulk
0x000000019d6c9000 	/usr/lib/libAudioStatistics.dylib
0x00000001b6073000 	/System/Library/PrivateFrameworks/SystemPolicy.framework/Versions/A/SystemPolicy
0x000000019d977000 	/usr/lib/libSMC.dylib
0x00000001bd9e9000 	/usr/lib/swift/libswiftCoreMIDI.dylib
0x00000001a8d20000 	/System/Library/Frameworks/CoreMIDI.framework/Versions/A/CoreMIDI
0x000000019bc90000 	/usr/lib/libAudioToolboxUtility.dylib
0x000000019dae1000 	/usr/lib/libperfcheck.dylib
0x000000023ed3e000 	/System/Library/PrivateFrameworks/AudioAnalytics.framework/Versions/A/AudioAnalytics
0x00000001dd021000 	/System/Library/Frameworks/OSLog.framework/Versions/A/OSLog
0x0000000267f63000 	/System/Library/PrivateFrameworks/OSEligibility.framework/Versions/A/OSEligibility
0x0000000232815000 	/System/Library/Frameworks/LightweightCodeRequirements.framework/Versions/A/LightweightCodeRequirements
0x000000019adc4000 	/System/Library/PrivateFrameworks/PlugInKit.framework/Versions/A/PlugInKit
0x000000019861e000 	/System/Library/PrivateFrameworks/AssertionServices.framework/Versions/A/AssertionServices
0x000000019aee9000 	/System/Library/PrivateFrameworks/IconFoundation.framework/Versions/A/IconFoundation
0x000000025876e000 	/System/Library/PrivateFrameworks/IconRendering.framework/Versions/A/IconRendering
0x000000026f95e000 	/System/Library/PrivateFrameworks/SFSymbols.framework/Versions/A/SFSymbols
0x000000019b0f8000 	/System/Library/PrivateFrameworks/GraphVisualizer.framework/Versions/A/GraphVisualizer
0x000000024c19d000 	/System/Library/PrivateFrameworks/FontServices.framework/Versions/A/FontServices
0x000000019b108000 	/System/Library/PrivateFrameworks/OTSVG.framework/Versions/A/OTSVG
0x0000000193b7d000 	/System/Library/Frameworks/ApplicationServices.framework/Versions/A/Frameworks/ATS.framework/Versions/A/Resources/libFontRegistry.dylib
0x000000028df4d000 	/usr/lib/libhvf.dylib
0x0000000268bf0000 	/System/Library/PrivateFrameworks/ParsingInternal.framework/Versions/A/ParsingInternal
0x000000024c1a1000 	/System/Library/PrivateFrameworks/FontServices.framework/libXTFontStaticRegistryData.dylib
0x0000000196fe3000 	/System/Library/Frameworks/MetalPerformanceShaders.framework/Versions/A/Frameworks/MPSCore.framework/Versions/A/MPSCore
0x0000000198dee000 	/System/Library/Frameworks/MetalPerformanceShaders.framework/Versions/A/Frameworks/MPSImage.framework/Versions/A/MPSImage
0x00000001987ad000 	/System/Library/Frameworks/MetalPerformanceShaders.framework/Versions/A/Frameworks/MPSNeuralNetwork.framework/Versions/A/MPSNeuralNetwork
0x0000000198bec000 	/System/Library/Frameworks/MetalPerformanceShaders.framework/Versions/A/Frameworks/MPSMatrix.framework/Versions/A/MPSMatrix
0x0000000198a04000 	/System/Library/Frameworks/MetalPerformanceShaders.framework/Versions/A/Frameworks/MPSRayIntersector.framework/Versions/A/MPSRayIntersector
0x0000000198c1e000 	/System/Library/Frameworks/MetalPerformanceShaders.framework/Versions/A/Frameworks/MPSNDArray.framework/Versions/A/MPSNDArray
0x000000023369a000 	/System/Library/Frameworks/MetalPerformanceShaders.framework/Versions/A/Frameworks/MPSFunctions.framework/Versions/A/MPSFunctions
0x000000023367b000 	/System/Library/Frameworks/MetalPerformanceShaders.framework/Versions/A/Frameworks/MPSBenchmarkLoop.framework/Versions/A/MPSBenchmarkLoop
0x00000002336ae000 	/System/Library/Frameworks/MetalPerformanceShaders.framework/Versions/A/Frameworks/MPSHost.framework/Versions/A/MPSHost
0x0000000189f31000 	/System/Library/PrivateFrameworks/MetalTools.framework/Versions/A/MetalTools
0x00000001bc319000 	/System/Library/PrivateFrameworks/IOAccelMemoryInfo.framework/Versions/A/IOAccelMemoryInfo
0x00000001ca884000 	/System/Library/PrivateFrameworks/kperf.framework/Versions/A/kperf
0x00000001b7074000 	/System/Library/PrivateFrameworks/GPURawCounter.framework/Versions/A/GPURawCounter
0x00000001a7a9c000 	/System/Library/PrivateFrameworks/ASEProcessing.framework/Versions/A/ASEProcessing
0x00000001d8984000 	/System/Library/PrivateFrameworks/Symbolication.framework/Versions/A/Symbolication
0x000000026c0a1000 	/System/Library/PrivateFrameworks/PhotosensitivityProcessing.framework/Versions/A/PhotosensitivityProcessing
0x000000026f9e4000 	/System/Library/PrivateFrameworks/SILManager.framework/Versions/A/SILManager
0x00000001a4146000 	/System/Library/PrivateFrameworks/CoreSymbolication.framework/Versions/A/CoreSymbolication
0x00000001b6fe7000 	/System/Library/PrivateFrameworks/MallocStackLogging.framework/Versions/A/MallocStackLogging
0x00000001a4124000 	/System/Library/PrivateFrameworks/DebugSymbols.framework/Versions/A/DebugSymbols
0x00000001c8fd5000 	/System/Library/PrivateFrameworks/OSAnalytics.framework/Versions/A/OSAnalytics
0x0000000249ef9000 	/System/Library/PrivateFrameworks/DeviceRecovery.framework/Versions/A/DeviceRecovery
0x000000027e63d000 	/System/Library/PrivateFrameworks/Tightbeam.framework/Versions/A/Tightbeam
0x00000001cf6c6000 	/System/Library/PrivateFrameworks/AFKUser.framework/Versions/A/AFKUser
0x0000000199260000 	/System/Library/Frameworks/UserNotifications.framework/Versions/A/UserNotifications
0x00000001bcab0000 	/System/Library/PrivateFrameworks/SiriInstrumentation.framework/Versions/A/SiriInstrumentation
0x0000000271e74000 	/System/Library/PrivateFrameworks/SiriAnalytics.framework/Versions/A/SiriAnalytics
0x00000001ba20f000 	/System/Library/PrivateFrameworks/FeedbackLogger.framework/Versions/A/FeedbackLogger
0x00000001d4b15000 	/usr/lib/swift/libswiftAVFoundation.dylib
0x0000000280e66000 	/System/Library/PrivateFrameworks/UnifiedAssetFramework.framework/Versions/A/UnifiedAssetFramework
0x000000019d648000 	/System/Library/PrivateFrameworks/AudioSession.framework/Versions/A/AudioSession
0x000000019b009000 	/System/Library/PrivateFrameworks/MediaExperience.framework/Versions/A/MediaExperience
0x000000019d41d000 	/System/Library/PrivateFrameworks/AudioSession.framework/libSessionUtility.dylib
0x00000001a2cd0000 	/System/Library/Frameworks/CoreBluetooth.framework/Versions/A/CoreBluetooth
0x0000000198491000 	/System/Library/PrivateFrameworks/CoreUtils.framework/Versions/A/CoreUtils
0x00000001aed09000 	/System/Library/PrivateFrameworks/HID.framework/Versions/A/HID
0x0000000248dea000 	/System/Library/PrivateFrameworks/CoreUtilsExtras.framework/Versions/A/CoreUtilsExtras
0x00000002586c3000 	/System/Library/PrivateFrameworks/IO80211.framework/Versions/A/IO80211
0x000000019f613000 	/System/Library/Frameworks/IOBluetooth.framework/Versions/A/IOBluetooth
0x000000028ec09000 	/usr/lib/swift/libswiftRegexBuilder.dylib
0x000000019ac64000 	/usr/lib/libIOReport.dylib
0x00000001e55c4000 	/System/Library/PrivateFrameworks/WiFiPeerToPeer.framework/Versions/A/WiFiPeerToPeer
0x000000019862d000 	/System/Library/Frameworks/SecurityFoundation.framework/Versions/A/SecurityFoundation
0x0000000241444000 	/System/Library/PrivateFrameworks/Centauri.framework/Versions/A/Centauri
0x000000018a915000 	/System/Library/PrivateFrameworks/Lexicon.framework/Versions/A/Lexicon
0x000000028e39d000 	/usr/lib/libmrc.dylib
0x000000025872e000 	/System/Library/PrivateFrameworks/IPConfiguration.framework/Versions/A/IPConfiguration
0x00000001d915b000 	/System/Library/PrivateFrameworks/Netrb.framework/Versions/A/Netrb
0x0000000198796000 	/usr/lib/libgermantok.dylib
0x00000001971d2000 	/System/Library/PrivateFrameworks/LinguisticData.framework/Versions/A/LinguisticData
0x00000001a2ed9000 	/System/Library/PrivateFrameworks/MediaKit.framework/Versions/A/MediaKit
0x00000001a2e27000 	/System/Library/Frameworks/DiscRecording.framework/Versions/A/DiscRecording
0x000000019aedf000 	/usr/lib/libheimdal-asn1.dylib
0x00000001a6904000 	/System/Library/Frameworks/AudioUnit.framework/Versions/A/AudioUnit
0x0000000193e94000 	/System/Library/Frameworks/OpenDirectory.framework/Versions/A/OpenDirectory
0x0000000193ea2000 	/System/Library/Frameworks/OpenDirectory.framework/Versions/A/Frameworks/CFOpenDirectory.framework/Versions/A/CFOpenDirectory
0x000000019f9bb000 	/System/Library/PrivateFrameworks/GeoServices.framework/Versions/A/GeoServices
0x000000019d3e3000 	/System/Library/PrivateFrameworks/LocationSupport.framework/Versions/A/LocationSupport
0x00000002553ec000 	/System/Library/PrivateFrameworks/GeoServicesCore.framework/Versions/A/GeoServicesCore
0x00000001afc0d000 	/System/Library/PrivateFrameworks/PhoneNumbers.framework/Versions/A/PhoneNumbers
0x000000025db72000 	/System/Library/PrivateFrameworks/LocationLogEncryption.framework/Versions/A/LocationLogEncryption
0x000000022f91e000 	/System/Library/Frameworks/AVFAudio.framework/Versions/A/AVFAudio
0x000000022fa62000 	/System/Library/Frameworks/AVRouting.framework/Versions/A/AVRouting
0x00000001afd25000 	/usr/lib/libAccessibility.dylib
0x000000025c55c000 	/System/Library/PrivateFrameworks/IsolatedCoreAudioClient.framework/Versions/A/IsolatedCoreAudioClient
0x0000000244bde000 	/System/Library/PrivateFrameworks/CoreAudioOrchestration.framework/Versions/A/CoreAudioOrchestration
0x000000019c2b7000 	/System/Library/Frameworks/MediaToolbox.framework/Versions/A/MediaToolbox
0x00000001a2fff000 	/System/Library/PrivateFrameworks/CoreAVCHD.framework/Versions/A/CoreAVCHD
0x00000001a1f23000 	/System/Library/Frameworks/MediaAccessibility.framework/Versions/A/MediaAccessibility
0x00000001a2ffb000 	/System/Library/PrivateFrameworks/Mangrove.framework/Versions/A/Mangrove
0x0000000240a80000 	/System/Library/PrivateFrameworks/CMPhoto.framework/Versions/A/CMPhoto
0x00000001a37c8000 	/System/Library/Frameworks/CoreTelephony.framework/Versions/A/CoreTelephony
0x00000001a2fee000 	/System/Library/PrivateFrameworks/CoreAUC.framework/Versions/A/CoreAUC
0x000000023dbe6000 	/System/Library/PrivateFrameworks/AppleJPEGXL.framework/Versions/A/AppleJPEGXL
0x000000019dceb000 	/usr/lib/libTelephonyUtilDynamic.dylib
0x00000001e0141000 	/System/Library/Frameworks/CryptoKit.framework/Versions/A/CryptoKit
0x00000001a68ff000 	/System/Library/PrivateFrameworks/CryptoKitCBridging.framework/Versions/A/CryptoKitCBridging
0x00000001a3e0c000 	/System/Library/Frameworks/CryptoTokenKit.framework/Versions/A/CryptoTokenKit
0x0000000249969000 	/System/Library/PrivateFrameworks/Dendrite.framework/Versions/A/Dendrite
0x00000001b6c18000 	/System/Library/Frameworks/NaturalLanguage.framework/Versions/A/NaturalLanguage
0x00000001e554b000 	/usr/lib/swift/libswiftNaturalLanguage.dylib
0x000000023e75d000 	/System/Library/PrivateFrameworks/AppleMobileFileIntegrity.framework/Versions/A/AppleMobileFileIntegrity
0x000000028d4eb000 	/usr/lib/libTLE.dylib
0x00000001b7019000 	/usr/lib/libmis.dylib
0x00000001eec93000 	/System/Library/PrivateFrameworks/ConfigProfileHelper.framework/Versions/A/ConfigProfileHelper
0x00000001a6a8e000 	/System/Library/PrivateFrameworks/Espresso.framework/Versions/A/Espresso
0x0000000194624000 	/System/Library/Frameworks/CoreML.framework/Versions/A/CoreML
0x00000001e33f7000 	/usr/lib/libedit.3.dylib
0x000000022c72c000 	/System/Library/PrivateFrameworks/ANECompiler.framework/Versions/A/ANECompiler
0x00000001a8b64000 	/System/Library/PrivateFrameworks/AppleNeuralEngine.framework/Versions/A/AppleNeuralEngine
0x000000025dc90000 	/System/Library/PrivateFrameworks/MIL.framework/Versions/A/MIL
0x00000002336b4000 	/System/Library/Frameworks/MetalPerformanceShadersGraph.framework/Versions/A/MetalPerformanceShadersGraph
0x000000025e3ff000 	/System/Library/PrivateFrameworks/MLCompilerServices.framework/Versions/A/MLCompilerServices
0x00000001a78e0000 	/System/Library/PrivateFrameworks/ANEServices.framework/Versions/A/ANEServices
0x00000001bc2dc000 	/usr/lib/libncurses.5.4.dylib
0x000000018dad2000 	/usr/lib/libsandbox.1.dylib
0x000000019ae05000 	/usr/lib/libMatch.1.dylib
0x0000000267ce5000 	/System/Library/PrivateFrameworks/ODIE.framework/Versions/A/ODIE
0x000000026108c000 	/System/Library/PrivateFrameworks/MLModelAsset.framework/Versions/A/MLModelAsset
0x000000025e3a5000 	/System/Library/PrivateFrameworks/MLCompilerRuntime.framework/Versions/A/MLCompilerRuntime
0x0000000198a59000 	/System/Library/Frameworks/MLCompute.framework/Versions/A/MLCompute
0x000000025e327000 	/System/Library/PrivateFrameworks/MLAssetIO.framework/Versions/A/MLAssetIO
0x000000028ebdb000 	/usr/lib/swift/libswiftMLCompute.dylib
0x00000001a39e3000 	/System/Library/PrivateFrameworks/AVFCore.framework/Versions/A/AVFCore
0x00000001ad626000 	/System/Library/PrivateFrameworks/AVFCapture.framework/Versions/A/AVFCapture
0x0000000240877000 	/System/Library/PrivateFrameworks/CMImaging.framework/Versions/A/CMImaging
0x00000001ad868000 	/System/Library/PrivateFrameworks/Quagga.framework/Versions/A/Quagga
0x00000001ad999000 	/System/Library/PrivateFrameworks/CMCapture.framework/Versions/A/CMCapture
0x000000019d874000 	/System/Library/Frameworks/CoreMediaIO.framework/Versions/A/CoreMediaIO
0x00000002407b2000 	/System/Library/PrivateFrameworks/CMCaptureDevice.framework/Versions/A/CMCaptureDevice
0x000000019b241000 	/System/Library/PrivateFrameworks/CoreBrightness.framework/Versions/A/CoreBrightness
0x000000024193b000 	/System/Library/PrivateFrameworks/CinematicFraming.framework/Versions/A/CinematicFraming
0x00000002641c9000 	/System/Library/PrivateFrameworks/ModelManagerServices.framework/Versions/A/ModelManagerServices
0x00000001d1b7e000 	/System/Library/PrivateFrameworks/CPMS.framework/Versions/A/CPMS
0x000000027bd6d000 	/System/Library/PrivateFrameworks/SystemStatus.framework/Versions/A/SystemStatus
0x00000001b5a48000 	/System/Library/Frameworks/CoreMotion.framework/Versions/A/CoreMotion
0x00000001c6061000 	/System/Library/PrivateFrameworks/TimeSync.framework/Versions/A/TimeSync
0x000000024a331000 	/System/Library/PrivateFrameworks/DistributedSensing.framework/Versions/A/DistributedSensing
0x00000001c143f000 	/System/Library/PrivateFrameworks/MobileBluetooth.framework/Versions/A/MobileBluetooth
0x00000001c7d21000 	/System/Library/PrivateFrameworks/IOKitten.framework/Versions/A/IOKitten
0x000000023da60000 	/System/Library/PrivateFrameworks/AppleIntelligenceReporting.framework/Versions/A/AppleIntelligenceReporting
0x00000001983a0000 	/System/Library/PrivateFrameworks/CoreEmoji.framework/Versions/A/CoreEmoji
0x000000018ac29000 	/usr/lib/libCRFSuite.dylib
0x000000018bf0a000 	/System/Library/PrivateFrameworks/LanguageModeling.framework/Versions/A/LanguageModeling
0x00000001970b2000 	/System/Library/PrivateFrameworks/CoreNLP.framework/Versions/A/CoreNLP
0x0000000190e87000 	/System/Library/PrivateFrameworks/Montreal.framework/Versions/A/Montreal
0x0000000199514000 	/usr/lib/libcmph.dylib
0x0000000198737000 	/usr/lib/libmecab.dylib
0x0000000199685000 	/usr/lib/libThaiTokenizer.dylib
0x00000002551d1000 	/System/Library/PrivateFrameworks/GenerativeModelsFoundation.framework/Versions/A/GenerativeModelsFoundation
0x000000027eb42000 	/System/Library/PrivateFrameworks/TokenGeneration.framework/Versions/A/TokenGeneration
0x0000000254fa5000 	/System/Library/PrivateFrameworks/GenerativeFunctions.framework/Versions/A/GenerativeFunctions
0x0000000254ff3000 	/System/Library/PrivateFrameworks/GenerativeFunctionsFoundation.framework/Versions/A/GenerativeFunctionsFoundation
0x0000000263e8a000 	/System/Library/PrivateFrameworks/ModelCatalog.framework/Versions/A/ModelCatalog
0x000000027108e000 	/System/Library/PrivateFrameworks/SensitiveContentAnalysisML.framework/Versions/A/SensitiveContentAnalysisML
0x0000000255089000 	/System/Library/PrivateFrameworks/GenerativeFunctionsInstrumentation.framework/Versions/A/GenerativeFunctionsInstrumentation
0x000000026deb7000 	/System/Library/PrivateFrameworks/PromptKit.framework/Versions/A/PromptKit
0x000000026d8cd000 	/System/Library/PrivateFrameworks/ProactiveDaemonSupport.framework/Versions/A/ProactiveDaemonSupport
0x000000027ed7a000 	/System/Library/PrivateFrameworks/TokenGenerationCore.framework/Versions/A/TokenGenerationCore
0x00000001b7ae7000 	/System/Library/PrivateFrameworks/Trial.framework/Versions/A/Trial
0x00000001b7a68000 	/System/Library/PrivateFrameworks/TrialProto.framework/Versions/A/TrialProto
0x000000023d68a000 	/System/Library/PrivateFrameworks/AppleFlatBuffers.framework/Versions/A/AppleFlatBuffers
0x000000027135e000 	/System/Library/PrivateFrameworks/SentencePieceInternal.framework/Versions/A/SentencePieceInternal
0x00000001a1f7d000 	/System/Library/Frameworks/Vision.framework/Versions/A/Vision
0x0000000248a88000 	/System/Library/PrivateFrameworks/CoreSceneUnderstanding.framework/Versions/A/CoreSceneUnderstanding
0x00000002839cb000 	/System/Library/PrivateFrameworks/VisionCore.framework/Versions/A/VisionCore
0x00000001c03cd000 	/System/Library/Frameworks/Vision.framework/libfaceCore.dylib
0x00000001c0ee7000 	/System/Library/PrivateFrameworks/Futhark.framework/Versions/A/Futhark
0x00000001c4e36000 	/System/Library/PrivateFrameworks/InertiaCam.framework/Versions/A/InertiaCam
0x00000001c0c74000 	/System/Library/PrivateFrameworks/TextRecognition.framework/Versions/A/TextRecognition
0x000000019aca2000 	/System/Library/PrivateFrameworks/CVNLP.framework/Versions/A/CVNLP
0x00000001dd50c000 	/System/Library/PrivateFrameworks/HIDDisplay.framework/Versions/A/HIDDisplay
0x000000019bd9b000 	/System/Library/Frameworks/ApplicationServices.framework/Versions/A/Frameworks/ATSUI.framework/Versions/A/ATSUI
0x000000019da58000 	/usr/lib/libcups.2.dylib
0x000000019daef000 	/System/Library/Frameworks/Kerberos.framework/Versions/A/Kerberos
0x000000019d75f000 	/usr/lib/libresolv.9.dylib
0x000000019b15c000 	/System/Library/PrivateFrameworks/Heimdal.framework/Versions/A/Heimdal
0x00000001a6903000 	/System/Library/Frameworks/Kerberos.framework/Versions/A/Libraries/libHeimdalProxy.dylib
0x000000019db53000 	/System/Library/PrivateFrameworks/CommonAuth.framework/Versions/A/CommonAuth
0x00000001afc19000 	/System/Library/PrivateFrameworks/AXCoreUtilities.framework/Versions/A/AXCoreUtilities
0x000000028cfeb000 	/usr/lib/libAXSafeCategoryBundle.dylib
0x0000000237a42000 	/System/Library/Frameworks/TabularData.framework/Versions/A/TabularData
0x000000023e90d000 	/System/Library/PrivateFrameworks/ArgumentParserInternal.framework/Versions/A/ArgumentParserInternal
0x0000000198262000 	/System/Library/Frameworks/Accelerate.framework/Versions/A/Frameworks/vecLib.framework/Versions/A/libvDSP.dylib
0x0000000199857000 	/System/Library/Frameworks/Accelerate.framework/Versions/A/Frameworks/vecLib.framework/Versions/A/libLAPACK.dylib
0x0000000198799000 	/System/Library/Frameworks/Accelerate.framework/Versions/A/Frameworks/vecLib.framework/Versions/A/libLinearAlgebra.dylib
0x00000001996cb000 	/System/Library/Frameworks/Accelerate.framework/Versions/A/Frameworks/vecLib.framework/Versions/A/libSparseBLAS.dylib
0x0000000199852000 	/System/Library/Frameworks/Accelerate.framework/Versions/A/Frameworks/vecLib.framework/Versions/A/libQuadrature.dylib
0x00000001971d9000 	/System/Library/Frameworks/Accelerate.framework/Versions/A/Frameworks/vecLib.framework/Versions/A/libBNNS.dylib
0x000000018aa25000 	/System/Library/Frameworks/Accelerate.framework/Versions/A/Frameworks/vecLib.framework/Versions/A/libSparse.dylib
0x000000019dab7000 	/System/Library/PrivateFrameworks/NetAuth.framework/Versions/A/NetAuth
0x00000001940b8000 	/System/Library/PrivateFrameworks/login.framework/Versions/A/Frameworks/loginsupport.framework/Versions/A/loginsupport
0x0000000198701000 	/usr/lib/libCheckFix.dylib
0x000000019323f000 	/System/Library/PrivateFrameworks/MetadataUtilities.framework/Versions/A/MetadataUtilities
0x00000002591b5000 	/System/Library/PrivateFrameworks/InstalledContentLibrary.framework/Versions/A/InstalledContentLibrary
0x000000018d996000 	/System/Library/PrivateFrameworks/CoreServicesStore.framework/Versions/A/CoreServicesStore
0x00000001ca99b000 	/System/Library/PrivateFrameworks/MobileSystemServices.framework/Versions/A/MobileSystemServices
0x000000019ab27000 	/usr/lib/libxslt.1.dylib
0x00000001986c0000 	/System/Library/PrivateFrameworks/BackgroundTaskManagement.framework/Versions/A/BackgroundTaskManagement
0x00000001a5f95000 	/usr/lib/libcurl.4.dylib
0x000000028dd01000 	/usr/lib/libcrypto.46.dylib
0x000000028e884000 	/usr/lib/libssl.48.dylib
0x00000001a5c6f000 	/System/Library/Frameworks/LDAP.framework/Versions/A/LDAP
0x00000001a5cab000 	/System/Library/PrivateFrameworks/TrustEvaluationAgent.framework/Versions/A/TrustEvaluationAgent
0x000000019d77c000 	/usr/lib/libsasl2.2.dylib
0x00000001b3e51000 	/usr/lib/swift/libswiftCoreGraphics.dylib
0x00000001a2617000 	/usr/lib/swift/libswiftFoundation.dylib
0x00000001ee634000 	/usr/lib/swift/libswiftSwiftOnoneSupport.dylib
0x000000028ef32000 	/usr/lib/swift/libswiftsys_time.dylib
0x00000001d9199000 	/System/Library/PrivateFrameworks/CoreMaterial.framework/Versions/A/CoreMaterial
0x000000028d4e8000 	/usr/lib/libSpatial.dylib
0x000000028cf08000 	/System/Library/SubFrameworks/UIUtilities.framework/Versions/A/UIUtilities
0x00000001064d0000 	/opt/anaconda3/envs/mc-agent/jre/lib/server/libjvm.dylib
0x000000010042c000 	/opt/anaconda3/envs/mc-agent/jre/lib/libverify.dylib
0x0000000100530000 	/opt/anaconda3/envs/mc-agent/jre/lib/libjava.dylib
0x00000001004a0000 	/opt/anaconda3/envs/mc-agent/jre/lib/libzip.dylib
0x0000000106400000 	/opt/anaconda3/envs/mc-agent/jre/lib/libnio.dylib
0x0000000106424000 	/opt/anaconda3/envs/mc-agent/jre/lib/libnet.dylib
0x0000000106450000 	/opt/anaconda3/envs/mc-agent/jre/lib/libmanagement.dylib
0x000000010ad9c000 	/opt/anaconda3/envs/mc-agent/jre/lib/libsunec.dylib
0x0000000119748000 	/private/var/folders/51/hgn9x4s96kx9dcdpdq9v98840000gn/T/lwjgljoey/3.3.1-SNAPSHOT/liblwjgl.dylib
0x0000000119790000 	/private/var/folders/51/hgn9x4s96kx9dcdpdq9v98840000gn/T/lwjgljoey/3.3.1-SNAPSHOT/libglfw.dylib
0x000000011b600000 	/private/var/folders/51/hgn9x4s96kx9dcdpdq9v98840000gn/T/lwjgljoey/3.3.1-SNAPSHOT/libjemalloc.dylib
0x000000022fbd2000 	/System/Library/Frameworks/AppIntents.framework/Versions/A/AppIntents
0x000000023619a000 	/System/Library/Frameworks/RelevanceKit.framework/Versions/A/RelevanceKit
0x00000001992b1000 	/System/Library/Frameworks/CoreSpotlight.framework/Versions/A/CoreSpotlight
0x000000025d6e7000 	/System/Library/PrivateFrameworks/LinkServices.framework/Versions/A/LinkServices
0x00000001a28e4000 	/System/Library/Frameworks/Contacts.framework/Versions/A/Contacts
0x000000023c265000 	/System/Library/PrivateFrameworks/AppIntentsTypeSupport.framework/Versions/A/AppIntentsTypeSupport
0x000000024a42d000 	/System/Library/PrivateFrameworks/DoNotDisturb.framework/Versions/A/DoNotDisturb
0x000000025d535000 	/System/Library/PrivateFrameworks/LinkMetadata.framework/Versions/A/LinkMetadata
0x00000001b709f000 	/usr/lib/swift/libswiftIntents.dylib
0x00000001bc436000 	/System/Library/PrivateFrameworks/IntentsCore.framework/Versions/A/IntentsCore
0x000000023f21d000 	/System/Library/PrivateFrameworks/AvailabilityKit.framework/Versions/A/AvailabilityKit
0x000000023be48000 	/System/Library/PrivateFrameworks/AppIntentSchemas.framework/Versions/A/AppIntentSchemas
0x0000000231d23000 	/System/Library/Frameworks/GeoToolbox.framework/Versions/A/GeoToolbox
0x0000000251dd1000 	/System/Library/PrivateFrameworks/GRDBInternal.framework/Versions/A/GRDBInternal
0x000000027a5e6000 	/System/Library/PrivateFrameworks/StatusKit.framework/Versions/A/StatusKit
0x00000001a26fb000 	/System/Library/PrivateFrameworks/ContactsPersistence.framework/Versions/A/ContactsPersistence
0x00000001a1847000 	/System/Library/PrivateFrameworks/AppleLDAP.framework/Versions/A/AppleLDAP
0x00000001a6333000 	/System/Library/Frameworks/ClassKit.framework/Versions/A/ClassKit
0x00000001a85e4000 	/System/Library/PrivateFrameworks/CoreSuggestions.framework/Versions/A/CoreSuggestions
0x00000001a2618000 	/System/Library/PrivateFrameworks/ContactsFoundation.framework/Versions/A/ContactsFoundation
0x00000001a3dba000 	/System/Library/PrivateFrameworks/vCard.framework/Versions/A/vCard
0x0000000242d8f000 	/System/Library/PrivateFrameworks/ContactsMetrics.framework/Versions/A/ContactsMetrics
0x000000019b21d000 	/System/Library/PrivateFrameworks/login.framework/Versions/A/login
0x0000000261b5b000 	/System/Library/PrivateFrameworks/ManagedOrganizationContacts.framework/Versions/A/ManagedOrganizationContacts
0x000000019454f000 	/System/Library/PrivateFrameworks/CloudDocs.framework/Versions/A/CloudDocs
0x00000001af5cd000 	/System/Library/PrivateFrameworks/ProactiveEventTracker.framework/Versions/A/ProactiveEventTracker
0x00000001a3204000 	/System/Library/PrivateFrameworks/GenerationalStorage.framework/Versions/A/GenerationalStorage
0x000000019dc49000 	/System/Library/PrivateFrameworks/CacheDelete.framework/Versions/A/CacheDelete
0x00000001a6a40000 	/System/Library/Frameworks/QuickLookThumbnailing.framework/Versions/A/QuickLookThumbnailing
0x00000001a302d000 	/System/Library/Frameworks/FileProvider.framework/Versions/A/FileProvider
0x000000018f425000 	/System/Library/PrivateFrameworks/DesktopServicesPriv.framework/Versions/A/DesktopServicesPriv
0x00000001b6ae6000 	/System/Library/PrivateFrameworks/FTServices.framework/Versions/A/FTServices
0x00000001aecbe000 	/System/Library/PrivateFrameworks/CloudServices.framework/Versions/A/CloudServices
0x0000000195a09000 	/System/Library/Frameworks/CoreLocation.framework/Versions/A/CoreLocation
0x00000001a50be000 	/System/Library/Frameworks/Intents.framework/Versions/A/Intents
0x0000000198ed5000 	/System/Library/PrivateFrameworks/AuthKit.framework/Versions/A/AuthKit
0x00000001bd9c7000 	/usr/lib/swift/libswiftCoreLocation.dylib
0x000000019f20a000 	/System/Library/PrivateFrameworks/Sharing.framework/Versions/A/Sharing
0x000000019eb8e000 	/System/Library/PrivateFrameworks/IDSFoundation.framework/Versions/A/IDSFoundation
0x00000001a5739000 	/System/Library/PrivateFrameworks/Apple80211.framework/Versions/A/Apple80211
0x000000019840e000 	/System/Library/Frameworks/CoreWLAN.framework/Versions/A/CoreWLAN
0x000000019d36a000 	/System/Library/PrivateFrameworks/IMFoundation.framework/Versions/A/IMFoundation
0x00000001af029000 	/System/Library/PrivateFrameworks/Marco.framework/Versions/A/Marco
0x00000001917eb000 	/System/Library/PrivateFrameworks/CommonUtilities.framework/Versions/A/CommonUtilities
0x00000001ab5f8000 	/System/Library/PrivateFrameworks/Engram.framework/Versions/A/Engram
0x000000028783c000 	/System/Library/PrivateFrameworks/XPCDistributed.framework/Versions/A/XPCDistributed
0x00000001ab596000 	/usr/lib/libtidy.A.dylib
0x000000019b470000 	/System/Library/PrivateFrameworks/Bom.framework/Versions/A/Bom
0x000000019d79c000 	/usr/lib/libParallelCompression.dylib
0x000000019d78f000 	/System/Library/PrivateFrameworks/MultiverseSupport.framework/Versions/A/MultiverseSupport
0x00000001a2f0b000 	/System/Library/PrivateFrameworks/DiskManagement.framework/Versions/A/DiskManagement
0x00000001a2e1a000 	/System/Library/PrivateFrameworks/AppleIDAuthSupport.framework/Versions/A/AppleIDAuthSupport
0x00000002392dc000 	/System/Library/PrivateFrameworks/AAAFoundation.framework/Versions/A/AAAFoundation
0x000000019dc98000 	/System/Library/PrivateFrameworks/KeychainCircle.framework/Versions/A/KeychainCircle
0x00000001afc0f000 	/System/Library/PrivateFrameworks/URLFormatting.framework/Versions/A/URLFormatting
0x00000001a5f89000 	/usr/lib/libcsfde.dylib
0x000000019ae0d000 	/usr/lib/libCoreStorage.dylib
0x000000019f6e9000 	/System/Library/PrivateFrameworks/ProtectedCloudStorage.framework/Versions/A/ProtectedCloudStorage
0x00000001a5f84000 	/System/Library/PrivateFrameworks/EFILogin.framework/Versions/A/EFILogin
0x00000001a322b000 	/System/Library/PrivateFrameworks/OctagonTrust.framework/Versions/A/OctagonTrust
0x000000019e968000 	/System/Library/PrivateFrameworks/IDS.framework/Versions/A/IDS
0x00000001a3e8e000 	/System/Library/Frameworks/LocalAuthentication.framework/Versions/A/LocalAuthentication
0x000000025d925000 	/System/Library/PrivateFrameworks/LocalAuthenticationCore.framework/Versions/A/LocalAuthenticationCore
0x000000025daed000 	/System/Library/PrivateFrameworks/LocalAuthenticationCredentialServices.framework/Versions/A/LocalAuthenticationCredentialServices
0x00000001a3efb000 	/System/Library/Frameworks/LocalAuthentication.framework/Support/SharedUtils.framework/Versions/A/SharedUtils
0x000000023ebc8000 	/System/Library/PrivateFrameworks/AsyncAlgorithmsInternal.framework/Versions/A/AsyncAlgorithmsInternal
0x00000001c5ac9000 	/System/Library/PrivateFrameworks/FTAWD.framework/Versions/A/FTAWD
0x00000001a69c8000 	/System/Library/PrivateFrameworks/IntentsFoundation.framework/Versions/A/IntentsFoundation
0x00000001940bb000 	/System/Library/PrivateFrameworks/ApplePushService.framework/Versions/A/ApplePushService
0x0000000194126000 	/System/Library/Frameworks/CloudKit.framework/Versions/A/CloudKit
0x00000001cdb28000 	/System/Library/PrivateFrameworks/DeviceIdentity.framework/Versions/A/DeviceIdentity
0x0000000236624000 	/System/Library/Frameworks/SharedWithYouCore.framework/Versions/A/SharedWithYouCore
0x000000024221d000 	/System/Library/PrivateFrameworks/CloudTelemetry.framework/Versions/A/CloudTelemetry
0x00000001a63fb000 	/System/Library/PrivateFrameworks/AppleAccount.framework/Versions/A/AppleAccount
0x00000001a69e3000 	/System/Library/PrivateFrameworks/C2.framework/Versions/A/C2
0x0000000241e71000 	/System/Library/PrivateFrameworks/CloudCoreInternal.framework/Versions/A/CloudCoreInternal
0x0000000241bd7000 	/System/Library/PrivateFrameworks/CloudAsset.framework/Versions/A/CloudAsset
0x00000001a69d9000 	/System/Library/Frameworks/PushKit.framework/Versions/A/PushKit
0x0000000242242000 	/System/Library/PrivateFrameworks/CloudTelemetryTools.framework/Versions/A/CloudTelemetryTools
0x0000000242233000 	/System/Library/PrivateFrameworks/CloudTelemetryShared.dylib
0x00000001a88bb000 	/System/Library/PrivateFrameworks/RTCReporting.framework/Versions/A/RTCReporting
0x00000002392ff000 	/System/Library/PrivateFrameworks/AAAFoundationSwift.framework/Versions/A/AAAFoundationSwift
0x00000001a6681000 	/System/Library/PrivateFrameworks/AppleIDSSOAuthentication.framework/Versions/A/AppleIDSSOAuthentication
0x0000000193d55000 	/System/Library/PrivateFrameworks/ViewBridge.framework/Versions/A/ViewBridge
0x00000002388b2000 	/System/Library/Frameworks/_AppIntents_AppKit.framework/Versions/A/_AppIntents_AppKit
0x000000028cfef000 	/usr/lib/libAccessibilityBaseImplementations.dylib
0x000000011cb98000 	/usr/lib/libobjc-trampolines.dylib
0x000000028733a000 	/System/Library/PrivateFrameworks/WritingToolsUI.framework/Versions/A/WritingToolsUI
0x0000000254dc0000 	/System/Library/PrivateFrameworks/GenerativeAssistantSettings.framework/Versions/A/GenerativeAssistantSettings
0x000000027c646000 	/System/Library/PrivateFrameworks/TextComposer.framework/Versions/A/TextComposer
0x0000000254d93000 	/System/Library/PrivateFrameworks/GenerativeAssistantCommon.framework/Versions/A/GenerativeAssistantCommon
0x00000001beac6000 	/System/Library/Frameworks/SwiftUI.framework/Versions/A/SwiftUI
0x000000023bb65000 	/System/Library/PrivateFrameworks/Anvil.framework/Versions/A/Anvil
0x0000000255247000 	/System/Library/PrivateFrameworks/GenerativePartnerService.framework/Versions/A/GenerativePartnerService
0x0000000255272000 	/System/Library/PrivateFrameworks/GenerativePartnerServiceUI.framework/Versions/A/GenerativePartnerServiceUI
0x00000001b6c92000 	/System/Library/Frameworks/SafariServices.framework/Versions/A/SafariServices
0x00000001b3f4a000 	/System/Library/Frameworks/WebKit.framework/Versions/A/WebKit
0x00000002388f1000 	/System/Library/Frameworks/_AuthenticationServices_SwiftUI.framework/Versions/A/_AuthenticationServices_SwiftUI
0x00000001be044000 	/System/Library/PrivateFrameworks/AppStoreDaemon.framework/Versions/A/AppStoreDaemon
0x00000001a8f69000 	/System/Library/PrivateFrameworks/AppleMediaServices.framework/Versions/A/AppleMediaServices
0x00000001ba23e000 	/System/Library/PrivateFrameworks/AppleMediaServicesUI.framework/Versions/A/AppleMediaServicesUI
0x00000001edb8d000 	/System/Library/PrivateFrameworks/JetEngine.framework/Versions/A/JetEngine
0x00000001b7978000 	/System/Library/PrivateFrameworks/OnBoardingKit.framework/Versions/A/OnBoardingKit
0x000000027169f000 	/System/Library/PrivateFrameworks/Settings.framework/Versions/A/Settings
0x00000002315a2000 	/System/Library/Frameworks/ExtensionKit.framework/Versions/A/ExtensionKit
0x00000002315e5000 	/System/Library/Frameworks/FSKit.framework/Versions/A/FSKit
0x000000027c522000 	/System/Library/PrivateFrameworks/TextAnimationSupport.framework/Versions/A/TextAnimationSupport
0x000000026e77d000 	/System/Library/PrivateFrameworks/RecapPerformanceTesting.framework/Versions/A/RecapPerformanceTesting
0x00000001b7968000 	/System/Library/PrivateFrameworks/SignpostCollection.framework/Versions/A/SignpostCollection
0x00000001a88ec000 	/System/Library/Frameworks/WebKit.framework/Versions/A/Frameworks/WebKitLegacy.framework/Versions/A/WebKitLegacy
0x00000001b5a47000 	/System/Library/Frameworks/Carbon.framework/Versions/A/Carbon
0x00000001a66d2000 	/System/Library/PrivateFrameworks/CorePrediction.framework/Versions/A/CorePrediction
0x0000000194e5e000 	/System/Library/Frameworks/WebKit.framework/Versions/A/Frameworks/WebCore.framework/Versions/A/Frameworks/libwebrtc.dylib
0x000000019d804000 	/System/Library/Frameworks/SecurityInterface.framework/Versions/A/SecurityInterface
0x00000001b7977000 	/System/Library/PrivateFrameworks/WebInspectorUI.framework/Versions/A/WebInspectorUI
0x00000001ab638000 	/System/Library/Frameworks/JavaScriptCore.framework/Versions/A/JavaScriptCore
0x00000001afd5c000 	/System/Library/Frameworks/WebKit.framework/Versions/A/Frameworks/WebCore.framework/Versions/A/WebCore
0x00000001ab631000 	/System/Library/Frameworks/Carbon.framework/Versions/A/Frameworks/CommonPanels.framework/Versions/A/CommonPanels
0x00000001a5f80000 	/System/Library/Frameworks/Carbon.framework/Versions/A/Frameworks/Help.framework/Versions/A/Help
0x00000001ab635000 	/System/Library/Frameworks/Carbon.framework/Versions/A/Frameworks/ImageCapture.framework/Versions/A/ImageCapture
0x00000001ab610000 	/System/Library/Frameworks/Carbon.framework/Versions/A/Frameworks/OpenScripting.framework/Versions/A/OpenScripting
0x00000001ab630000 	/System/Library/Frameworks/Carbon.framework/Versions/A/Frameworks/Ink.framework/Versions/A/Ink
0x00000001ab62d000 	/System/Library/Frameworks/Carbon.framework/Versions/A/Frameworks/SecurityHI.framework/Versions/A/SecurityHI
0x000000028d35b000 	/usr/lib/libInterpreterSecurity.dylib
0x00000001cc71a000 	/System/Library/PrivateFrameworks/XprotectFramework.framework/Versions/A/XprotectFramework
0x00000001af02a000 	/System/Library/PrivateFrameworks/yara.framework/Versions/A/yara
0x000000028d2d8000 	/usr/lib/libEndpointSecuritySystem.dylib
0x00000002306a4000 	/System/Library/Frameworks/BrowserEngineCore.framework/Versions/A/BrowserEngineCore
0x0000000238466000 	/System/Library/Frameworks/WebKit.framework/Versions/A/Frameworks/WebCore.framework/Versions/A/Frameworks/libANGLE-shared.dylib
0x0000000285b82000 	/System/Library/PrivateFrameworks/WebGPU.framework/Versions/A/WebGPU
0x00000001b98bb000 	/System/Library/Frameworks/SceneKit.framework/Versions/A/SceneKit
0x00000001cb258000 	/System/Library/Frameworks/ModelIO.framework/Versions/A/ModelIO
0x000000019f7e9000 	/System/Library/Frameworks/MetalKit.framework/Versions/A/MetalKit
0x00000001a1b55000 	/System/Library/Frameworks/GLKit.framework/Versions/A/GLKit
0x000000028f286000 	/usr/lib/usd/libusd_ms.dylib
0x0000000280d2c000 	/System/Library/PrivateFrameworks/USDLib_FormatLoaderProxy.framework/Versions/A/USDLib_FormatLoaderProxy
0x000000028ef2d000 	/usr/lib/swift/libswift_errno.dylib
0x00000001b6ac7000 	/System/Library/PrivateFrameworks/CoreOptimization.framework/Versions/A/CoreOptimization
0x000000023f0ca000 	/System/Library/PrivateFrameworks/AuthenticationServicesCore.framework/Versions/A/AuthenticationServicesCore
0x00000001c147f000 	/System/Library/Frameworks/AuthenticationServices.framework/Versions/A/AuthenticationServices
0x000000019ada0000 	/System/Library/PrivateFrameworks/SharedWebCredentials.framework/Versions/A/SharedWebCredentials
0x00000001b8844000 	/System/Library/PrivateFrameworks/SafariCore.framework/Versions/A/SafariCore
0x00000001c0f90000 	/System/Library/PrivateFrameworks/SafariFoundation.framework/Versions/A/SafariFoundation
0x0000000240427000 	/System/Library/PrivateFrameworks/CBORLibrary.framework/Versions/A/CBORLibrary
0x0000000241489000 	/System/Library/PrivateFrameworks/Chirp.framework/Versions/A/Chirp
0x00000002420e0000 	/System/Library/PrivateFrameworks/CloudSubscriptionFeatures.framework/Versions/A/CloudSubscriptionFeatures
0x00000001eefd2000 	/System/Library/PrivateFrameworks/RemoteManagement.framework/Versions/A/RemoteManagement
0x000000026eb6c000 	/System/Library/PrivateFrameworks/RemoteManagementModel.framework/Versions/A/RemoteManagementModel
0x000000026ebfd000 	/System/Library/PrivateFrameworks/RemoteManagementStore.framework/Versions/A/RemoteManagementStore
0x000000019f808000 	/usr/lib/libxcselect.dylib
0x00000001c0eff000 	/System/Library/PrivateFrameworks/DifferentialPrivacy.framework/Versions/A/DifferentialPrivacy
0x0000000261b61000 	/System/Library/PrivateFrameworks/ManagedSettingsObjC.framework/Versions/A/ManagedSettingsObjC
0x00000001a7ac1000 	/System/Library/PrivateFrameworks/ConfigurationProfiles.framework/Versions/A/ConfigurationProfiles
0x000000025db77000 	/System/Library/PrivateFrameworks/LockdownMode.framework/Versions/A/LockdownMode
0x00000002819f4000 	/System/Library/PrivateFrameworks/VDAF.framework/Versions/A/VDAF
0x00000001a1f3c000 	/System/Library/PrivateFrameworks/SystemAdministration.framework/Versions/A/SystemAdministration
0x00000001ad52c000 	/System/Library/PrivateFrameworks/PowerlogControl.framework/Versions/A/PowerlogControl
0x00000001ad52e000 	/usr/lib/libUniversalAccess.dylib
0x00000001a9a3c000 	/System/Library/PrivateFrameworks/FamilyControls.framework/Versions/A/FamilyControls
0x00000001a181b000 	/System/Library/Frameworks/DirectoryService.framework/Versions/A/DirectoryService
0x00000001a6016000 	/System/Library/PrivateFrameworks/LoginUIKit.framework/Versions/A/Frameworks/LoginUICore.framework/Versions/A/LoginUICore
0x000000019b46e000 	/usr/lib/libodfde.dylib
0x00000001a9a36000 	/System/Library/PrivateFrameworks/UniversalAccess.framework/Versions/A/Libraries/libUAPreferences.dylib
0x00000001a9a5e000 	/System/Library/PrivateFrameworks/CommerceKit.framework/Versions/A/Frameworks/CommerceCore.framework/Versions/A/CommerceCore
0x000000019d83e000 	/System/Library/PrivateFrameworks/CoreFollowUp.framework/Versions/A/CoreFollowUp
0x00000002494cb000 	/System/Library/PrivateFrameworks/DMCUtilities.framework/Versions/A/DMCUtilities
0x000000025dc06000 	/System/Library/PrivateFrameworks/MDMClientLibrary.framework/Versions/A/MDMClientLibrary
0x000000026ebf1000 	/System/Library/PrivateFrameworks/RemoteManagementProtocol.framework/Versions/A/RemoteManagementProtocol
0x000000024942c000 	/System/Library/PrivateFrameworks/DEPClientLibrary.framework/Versions/A/DEPClientLibrary
0x0000000249459000 	/System/Library/PrivateFrameworks/DMCEnrollmentLibrary.framework/Versions/A/DMCEnrollmentLibrary
0x00000001ad614000 	/System/Library/PrivateFrameworks/SetupAssistantFramework.framework/Versions/A/SetupAssistantFramework
0x00000001a6728000 	/System/Library/PrivateFrameworks/AuthKitUI.framework/Versions/A/AuthKitUI
0x00000001a6060000 	/System/Library/PrivateFrameworks/AppSSO.framework/Versions/A/AppSSO
0x00000001bdd97000 	/System/Library/PrivateFrameworks/LocalAuthenticationUI.framework/Versions/A/LocalAuthenticationUI
0x000000026c105000 	/System/Library/PrivateFrameworks/PlatformSSO.framework/Versions/A/PlatformSSO
0x000000026c1f3000 	/System/Library/PrivateFrameworks/PlatformSSOCore.framework/Versions/A/PlatformSSOCore
0x000000023289c000 	/System/Library/Frameworks/LocalAuthenticationEmbeddedUI.framework/Versions/A/LocalAuthenticationEmbeddedUI
0x00000001be890000 	/System/Library/PrivateFrameworks/AOSUI.framework/Versions/A/AOSUI
0x00000001af38e000 	/System/Library/Frameworks/ContactsUI.framework/Versions/A/ContactsUI
0x00000001a2ba6000 	/System/Library/PrivateFrameworks/FamilyCircle.framework/Versions/A/FamilyCircle
0x00000001ccb29000 	/System/Library/Frameworks/LinkPresentation.framework/Versions/A/LinkPresentation
0x00000001aef0e000 	/System/Library/PrivateFrameworks/IASUtilities.framework/Versions/A/IASUtilities
0x00000002585f8000 	/System/Library/PrivateFrameworks/IASUtilitiesCore.framework/Versions/A/IASUtilitiesCore
0x000000026ec67000 	/System/Library/PrivateFrameworks/RemoteUI.framework/Versions/A/RemoteUI
0x000000025ce8a000 	/System/Library/PrivateFrameworks/LiftUI.framework/Versions/A/LiftUI
0x0000000287961000 	/System/Library/PrivateFrameworks/_IconServices_SwiftUI.framework/Versions/A/_IconServices_SwiftUI
0x0000000242016000 	/System/Library/PrivateFrameworks/CloudSettings.framework/Versions/A/CloudSettings
0x00000001a86b7000 	/System/Library/Frameworks/EventKit.framework/Versions/A/EventKit
0x00000001b7b91000 	/System/Library/PrivateFrameworks/SearchFoundation.framework/Versions/A/SearchFoundation
0x00000001cec92000 	/System/Library/PrivateFrameworks/Email.framework/Versions/A/Email
0x00000001b66d6000 	/System/Library/PrivateFrameworks/CoreRoutine.framework/Versions/A/CoreRoutine
0x00000001ee928000 	/System/Library/PrivateFrameworks/VoiceShortcutClient.framework/Versions/A/VoiceShortcutClient
0x00000001c66ae000 	/System/Library/PrivateFrameworks/Categories.framework/Versions/A/Categories
0x00000001be734000 	/System/Library/PrivateFrameworks/ChronoServices.framework/Versions/A/ChronoServices
0x0000000240ec0000 	/System/Library/PrivateFrameworks/CalendarDatabase.framework/Versions/A/CalendarDatabase
0x0000000240e01000 	/System/Library/PrivateFrameworks/CalendarDaemon.framework/Versions/A/CalendarDaemon
0x00000001a79fc000 	/System/Library/PrivateFrameworks/CalendarFoundation.framework/Versions/A/CalendarFoundation
0x00000001a79b7000 	/System/Library/PrivateFrameworks/iCalendar.framework/Versions/A/iCalendar
0x00000002496d0000 	/System/Library/PrivateFrameworks/DataAccessExpress.framework/Versions/A/DataAccessExpress
0x00000001af4f6000 	/System/Library/PrivateFrameworks/ContactsAutocomplete.framework/Versions/A/ContactsAutocomplete
0x00000001be680000 	/System/Library/PrivateFrameworks/FTClientServices.framework/Versions/A/FTClientServices
0x000000027ac70000 	/System/Library/PrivateFrameworks/StorageContainersPrivate.framework/Versions/A/StorageContainersPrivate
0x000000028ebbc000 	/usr/lib/swift/libswiftCoreMediaIO.dylib
0x00000001aed8f000 	/System/Library/PrivateFrameworks/CoreDAV.framework/Versions/A/CoreDAV
0x00000001a8581000 	/System/Library/PrivateFrameworks/CalDAV.framework/Versions/A/CalDAV
0x00000001b3b9f000 	/System/Library/PrivateFrameworks/TelephonyUtilities.framework/Versions/A/TelephonyUtilities
0x0000000232858000 	/System/Library/Frameworks/LiveCommunicationKit.framework/Versions/A/LiveCommunicationKit
0x000000024293b000 	/System/Library/PrivateFrameworks/CommunicationTrust.framework/Versions/A/CommunicationTrust
0x00000001b8653000 	/System/Library/Frameworks/CallKit.framework/Versions/A/CallKit
0x00000001a2b9f000 	/System/Library/PrivateFrameworks/CommunicationsFilter.framework/Versions/A/CommunicationsFilter
0x00000001e3536000 	/System/Library/PrivateFrameworks/IMTransferServices.framework/Versions/A/IMTransferServices
0x00000001b6ae0000 	/System/Library/PrivateFrameworks/IncomingCallFilter.framework/Versions/A/IncomingCallFilter
0x0000000266eb6000 	/System/Library/PrivateFrameworks/NeighborhoodActivityConduit.framework/Versions/A/NeighborhoodActivityConduit
0x00000001bac0a000 	/System/Library/PrivateFrameworks/CallHistory.framework/Versions/A/CallHistory
0x000000028d168000 	/usr/lib/libBASupport.dylib
0x0000000241307000 	/System/Library/PrivateFrameworks/CallsUtilities.framework/Versions/A/CallsUtilities
0x0000000241313000 	/System/Library/PrivateFrameworks/CallsXPC.framework/Versions/A/CallsXPC
0x00000001ef13d000 	/usr/lib/swift/libswiftCallKit.dylib
0x00000002412f9000 	/System/Library/PrivateFrameworks/CallsPersistence.framework/Versions/A/CallsPersistence
0x0000000236472000 	/System/Library/Frameworks/SensitiveContentAnalysis.framework/Versions/A/SensitiveContentAnalysis
0x00000001bbc8a000 	/System/Library/PrivateFrameworks/PeopleSuggester.framework/Versions/A/PeopleSuggester
0x00000001c541f000 	/System/Library/PrivateFrameworks/SpotlightReceiver.framework/Versions/A/SpotlightReceiver
0x0000000287921000 	/System/Library/PrivateFrameworks/_AppIntentsServices_AppIntents.framework/Versions/A/_AppIntentsServices_AppIntents
0x000000023bfca000 	/System/Library/PrivateFrameworks/AppIntentsServices.framework/Versions/A/AppIntentsServices
0x00000001a79a0000 	/System/Library/PrivateFrameworks/CoreRecents.framework/Versions/A/CoreRecents
0x0000000238974000 	/System/Library/Frameworks/_GeoToolbox_AppIntents.framework/Versions/A/_GeoToolbox_AppIntents
0x00000001d8b3f000 	/System/Library/PrivateFrameworks/DiagnosticRequest.framework/Versions/A/DiagnosticRequest
0x000000026e82e000 	/System/Library/PrivateFrameworks/RegulatoryDomain.framework/Versions/A/RegulatoryDomain
0x00000001a1c2e000 	/usr/lib/libCTGreenTeaLogger.dylib
0x000000025db4a000 	/System/Library/PrivateFrameworks/LocalStatusKit.framework/Versions/A/LocalStatusKit
0x00000001b3a85000 	/System/Library/PrivateFrameworks/CoreParsec.framework/Versions/A/CoreParsec
0x00000001cec86000 	/System/Library/PrivateFrameworks/EmailAddressing.framework/Versions/A/EmailAddressing
0x00000001caa61000 	/System/Library/PrivateFrameworks/EmailCore.framework/Versions/A/EmailCore
0x00000001cbb56000 	/System/Library/PrivateFrameworks/EmailFoundation.framework/Versions/A/EmailFoundation
0x00000002699da000 	/System/Library/PrivateFrameworks/PegasusAPI.framework/Versions/A/PegasusAPI
0x000000026a796000 	/System/Library/PrivateFrameworks/PegasusConfiguration.framework/Versions/A/PegasusConfiguration
0x000000027f158000 	/System/Library/PrivateFrameworks/ToolKit.framework/Versions/A/ToolKit
0x000000026f021000 	/System/Library/PrivateFrameworks/ReplicatorEngine.framework/Versions/A/ReplicatorEngine
0x000000026f1dc000 	/System/Library/PrivateFrameworks/ReplicatorServices.framework/Versions/A/ReplicatorServices
0x000000027bde6000 	/System/Library/PrivateFrameworks/SystemWake.framework/Versions/A/SystemWake
0x00000001b882a000 	/System/Library/PrivateFrameworks/ContextKit.framework/Versions/A/ContextKit
0x0000000242ed9000 	/System/Library/PrivateFrameworks/ContextKitCore.framework/Versions/A/ContextKitCore
0x00000001b6d87000 	/System/Library/Frameworks/LocalAuthentication.framework/Support/DaemonUtils.framework/Versions/A/DaemonUtils
0x000000025daac000 	/System/Library/PrivateFrameworks/LocalAuthenticationCoreUI.framework/Versions/A/LocalAuthenticationCoreUI
0x00000001ba204000 	/System/Library/PrivateFrameworks/BridgeXPC.framework/Versions/A/BridgeXPC
0x00000001b7a58000 	/System/Library/PrivateFrameworks/CoreKDL.framework/Versions/A/CoreKDL
0x00000001b606c000 	/System/Library/PrivateFrameworks/EmbeddedOSSupportHost.framework/Versions/A/EmbeddedOSSupportHost
0x00000001aa5a7000 	/System/Library/PrivateFrameworks/LoginUIKit.framework/Versions/A/LoginUIKit
0x00000001c6bae000 	/System/Library/PrivateFrameworks/StorageKit.framework/Versions/A/StorageKit
0x000000022dda6000 	/System/Library/Frameworks/DeviceCheck.framework/Versions/A/DeviceCheck
0x000000024a0d7000 	/System/Library/PrivateFrameworks/DiskImages2.framework/Versions/A/DiskImages2
0x00000001c6c28000 	/System/Library/PrivateFrameworks/CoreWLANKit.framework/Versions/A/CoreWLANKit
0x0000000284ed8000 	/System/Library/PrivateFrameworks/Wallpaper.framework/Versions/A/Wallpaper
0x000000028ebd7000 	/usr/lib/swift/libswiftGLKit.dylib
0x000000028ebe3000 	/usr/lib/swift/libswiftMetalKit.dylib
0x000000028ebe5000 	/usr/lib/swift/libswiftModelIO.dylib
0x000000028eca8000 	/usr/lib/swift/libswiftSceneKit.dylib
0x00000001cfc14000 	/System/Library/PrivateFrameworks/DynamicDesktop.framework/Versions/A/DynamicDesktop
0x000000028506b000 	/System/Library/PrivateFrameworks/WallpaperFoundation.framework/Versions/A/WallpaperFoundation
0x00000002850ca000 	/System/Library/PrivateFrameworks/WallpaperTypes.framework/Versions/A/WallpaperTypes
0x00000001e533d000 	/System/Library/PrivateFrameworks/SystemDesktopAppearance.framework/Versions/A/SystemDesktopAppearance
0x000000028aa30000 	/System/Library/PrivateFrameworks/icloudMCCKit.framework/Versions/A/icloudMCCKit
0x000000023d385000 	/System/Library/PrivateFrameworks/AppleAccountUI.framework/Versions/A/AppleAccountUI
0x00000001d9165000 	/System/Library/PrivateFrameworks/PreferencePanesSupport.framework/Versions/A/PreferencePanesSupport
0x00000001bea3e000 	/System/Library/PrivateFrameworks/FindMyDeviceUI.framework/Versions/A/FindMyDeviceUI
0x0000000288609000 	/System/Library/PrivateFrameworks/iCloudQuotaUI.framework/Versions/A/iCloudQuotaUI
0x00000001d9316000 	/System/Library/PrivateFrameworks/CoreCDPUI.framework/Versions/A/CoreCDPUI
0x00000001b8583000 	/System/Library/PrivateFrameworks/CoreFollowUpUI.framework/Versions/A/CoreFollowUpUI
0x00000001c56a4000 	/System/Library/PrivateFrameworks/IMCore.framework/Versions/A/IMCore
0x00000001ad594000 	/System/Library/PrivateFrameworks/CoreCDP.framework/Versions/A/CoreCDP
0x00000001a8f54000 	/System/Library/PrivateFrameworks/AskPermission.framework/Versions/A/AskPermission
0x00000001bc3aa000 	/System/Library/Frameworks/Quartz.framework/Versions/A/Quartz
0x00000001c9115000 	/System/Library/PrivateFrameworks/CloudPhotoServicesConfiguration.framework/Versions/A/CloudPhotoServicesConfiguration
0x00000001baa2a000 	/System/Library/PrivateFrameworks/CommerceKit.framework/Versions/A/CommerceKit
0x00000001cab33000 	/System/Library/PrivateFrameworks/FindMyMac.framework/Versions/A/FindMyMac
0x00000001caa03000 	/System/Library/Frameworks/PreferencePanes.framework/Versions/A/PreferencePanes
0x00000001bde85000 	/System/Library/Frameworks/AddressBook.framework/Versions/A/AddressBook
0x00000001a7de6000 	/System/Library/PrivateFrameworks/AOSAccounts.framework/Versions/A/AOSAccounts
0x00000001a1f36000 	/System/Library/PrivateFrameworks/AppleSRP.framework/Versions/A/AppleSRP
0x00000001a6913000 	/System/Library/PrivateFrameworks/NetFSServer.framework/Versions/A/NetFSServer
0x00000001b9792000 	/System/Library/Frameworks/PDFKit.framework/Versions/A/PDFKit
0x000000028ebfb000 	/usr/lib/swift/libswiftPassKit.dylib
0x00000001dd447000 	/System/Library/Frameworks/PassKit.framework/Versions/A/PassKit
0x00000001aa6b6000 	/System/Library/PrivateFrameworks/PassKitCore.framework/Versions/A/PassKitCore
0x00000002692f4000 	/System/Library/PrivateFrameworks/PassKitMacHelperTemp.framework/Versions/A/PassKitMacHelperTemp
0x000000028d0c3000 	/usr/lib/libAppleSSE.dylib
0x00000001b6dcf000 	/System/Library/PrivateFrameworks/BiometricKit.framework/Versions/A/BiometricKit
0x000000026f83a000 	/System/Library/PrivateFrameworks/SEService.framework/Versions/A/SEService
0x00000002316af000 	/System/Library/Frameworks/FinanceKit.framework/Versions/A/FinanceKit
0x00000001bc456000 	/System/Library/PrivateFrameworks/NearField.framework/Versions/A/NearField
0x000000026f7b1000 	/System/Library/PrivateFrameworks/SESShared.framework/Versions/A/SESShared
0x000000026fabc000 	/System/Library/PrivateFrameworks/STSXPCHelperClient.framework/Versions/A/STSXPCHelperClient
0x00000001be29f000 	/usr/lib/libnfshared.dylib
0x000000027bb65000 	/System/Library/PrivateFrameworks/Symptoms.framework/Versions/A/Frameworks/SymptomPresentationFeed.framework/Versions/A/SymptomPresentationFeed
0x000000023de60000 	/System/Library/PrivateFrameworks/AppleMediaServicesKitInternal.framework/Versions/A/AppleMediaServicesKitInternal
0x000000027b89f000 	/System/Library/PrivateFrameworks/SymptomShared.framework/Versions/A/SymptomShared
0x00000001e03b7000 	/System/Library/PrivateFrameworks/PassKitUIFoundation.framework/Versions/A/PassKitUIFoundation
0x00000001a1859000 	/System/Library/Frameworks/MapKit.framework/Versions/A/MapKit
0x0000000255316000 	/System/Library/PrivateFrameworks/GeoAnalytics.framework/Versions/A/GeoAnalytics
0x00000001be2ce000 	/System/Library/PrivateFrameworks/Navigation.framework/Versions/A/Navigation
0x00000001c8195000 	/System/Library/PrivateFrameworks/VectorKit.framework/Versions/A/VectorKit
0x00000001aefd7000 	/System/Library/PrivateFrameworks/VirtualGarage.framework/Versions/A/VirtualGarage
0x00000001be4cb000 	/System/Library/Frameworks/ExternalAccessory.framework/ExternalAccessory
0x00000001be4e6000 	/System/Library/PrivateFrameworks/IAP.framework/Versions/A/IAP
0x00000001a1b1b000 	/System/Library/PrivateFrameworks/IOPlatformPluginFamily.framework/Versions/A/IOPlatformPluginFamily
0x000000023f220000 	/System/Library/PrivateFrameworks/AvatarKit.framework/Versions/A/AvatarKit
0x000000023f2df000 	/System/Library/PrivateFrameworks/AvatarPersistence.framework/Versions/A/AvatarPersistence
0x0000000237ddf000 	/System/Library/Frameworks/TipKit.framework/Versions/A/TipKit
0x00000001aa15f000 	/System/Library/PrivateFrameworks/IMSharedUtilities.framework/Versions/A/IMSharedUtilities
0x000000028eb9c000 	/usr/lib/swift/libswiftAppleArchive.dylib
0x0000000281af0000 	/System/Library/PrivateFrameworks/VFX.framework/Versions/A/VFX
0x00000001daf95000 	/System/Library/PrivateFrameworks/AppleCVA.framework/Versions/A/AppleCVA
0x000000023f2de000 	/System/Library/PrivateFrameworks/AvatarKitContent.framework/Versions/A/AvatarKitContent
0x0000000233605000 	/System/Library/Frameworks/MetalFX.framework/Versions/A/MetalFX
0x0000000242a52000 	/System/Library/PrivateFrameworks/CompositorNonUI.framework/Versions/A/CompositorNonUI
0x000000022f91d000 	/System/Library/Frameworks/ARKit.framework/Versions/A/ARKit
0x000000023a613000 	/System/Library/PrivateFrameworks/ARKitCore.framework/Versions/A/ARKitCore
0x000000028d1b4000 	/usr/lib/libDisplayWarpSupport.dylib
0x0000000244d25000 	/System/Library/PrivateFrameworks/CoreComposite.framework/Versions/A/CoreComposite
0x000000028db95000 	/usr/lib/libchannel.dylib
0x000000028e7f5000 	/usr/lib/librealtime_safety.dylib
0x000000023a69f000 	/System/Library/PrivateFrameworks/ARKitFoundation.framework/Versions/A/ARKitFoundation
0x000000023d421000 	/System/Library/PrivateFrameworks/AppleDepth.framework/Versions/A/AppleDepth
0x000000023d59e000 	/System/Library/PrivateFrameworks/AppleDepthCore.framework/Versions/A/AppleDepthCore
0x00000001a1c56000 	/System/Library/PrivateFrameworks/CoreAppleCVA.framework/Versions/A/CoreAppleCVA
0x00000001af10d000 	/System/Library/PrivateFrameworks/ContactsUICore.framework/Versions/A/ContactsUICore
0x00000001b6bfb000 	/System/Library/PrivateFrameworks/ContactsDonation.framework/Versions/A/ContactsDonation
0x00000001b64a8000 	/System/Library/PrivateFrameworks/DataDetectors.framework/Versions/A/DataDetectors
0x00000001a856d000 	/System/Library/Frameworks/MediaLibrary.framework/Versions/A/MediaLibrary
0x00000001a2b8e000 	/System/Library/PrivateFrameworks/PersonaKit.framework/Versions/A/PersonaKit
0x00000001af0fa000 	/System/Library/PrivateFrameworks/PersonaUI.framework/Versions/A/PersonaUI
0x00000001ca3f7000 	/System/Library/PrivateFrameworks/Transparency.framework/Versions/A/Transparency
0x000000024bc37000 	/System/Library/PrivateFrameworks/FindMyLocate.framework/Versions/A/FindMyLocate
0x00000001b8500000 	/System/Library/PrivateFrameworks/IntlPreferences.framework/Versions/A/IntlPreferences
0x0000000248d84000 	/System/Library/PrivateFrameworks/CoreTransparency.framework/Versions/A/CoreTransparency
0x000000024bb0b000 	/System/Library/PrivateFrameworks/FindMyCommon.framework/Versions/A/FindMyCommon
0x000000024b8de000 	/System/Library/PrivateFrameworks/FindMyBase.framework/Versions/A/FindMyBase
0x000000023509d000 	/System/Library/Frameworks/NearbyInteraction.framework/Versions/A/NearbyInteraction
0x00000001a277a000 	/System/Library/PrivateFrameworks/AddressBookCore.framework/Versions/A/AddressBookCore
0x00000001be022000 	/System/Library/PrivateFrameworks/ToneKit.framework/Versions/A/ToneKit
0x00000001b8547000 	/System/Library/PrivateFrameworks/ToneLibrary.framework/Versions/A/ToneLibrary
0x0000000242d5b000 	/System/Library/PrivateFrameworks/ContactsAccounts.framework/Versions/A/ContactsAccounts
0x00000001bc2c1000 	/System/Library/PrivateFrameworks/Lookup.framework/Versions/A/Lookup
0x00000002359be000 	/System/Library/Frameworks/QuickLookUI.framework/Versions/A/QuickLookUI
0x00000002363eb000 	/System/Library/Frameworks/ScreenCaptureKit.framework/Versions/A/ScreenCaptureKit
0x00000001b92b1000 	/System/Library/Frameworks/Quartz.framework/Versions/A/Frameworks/QuartzComposer.framework/Versions/A/QuartzComposer
0x00000001b84d7000 	/System/Library/Frameworks/Quartz.framework/Versions/A/Frameworks/QuartzFilters.framework/Versions/A/QuartzFilters
0x00000001b755c000 	/System/Library/Frameworks/Quartz.framework/Versions/A/Frameworks/ImageKit.framework/Versions/A/ImageKit
0x000000022f71e000 	/System/Library/Frameworks/OpenCL.framework/Versions/A/OpenCL
0x00000001b5a46000 	/System/Library/PrivateFrameworks/CorePDF.framework/Versions/A/CorePDF
0x000000019f782000 	/System/Library/Frameworks/QuickLook.framework/Versions/A/QuickLook
0x00000001aa5a2000 	/System/Library/PrivateFrameworks/DisplayServices.framework/Versions/A/DisplayServices
0x00000001b845b000 	/System/Library/Frameworks/ImageCaptureCore.framework/Versions/A/ImageCaptureCore
0x0000000283a18000 	/System/Library/PrivateFrameworks/VisionKitCore.framework/Versions/A/VisionKitCore
0x00000001b3a55000 	/System/Library/PrivateFrameworks/QuickLookSupport.framework/Versions/A/QuickLookSupport
0x000000026246b000 	/System/Library/PrivateFrameworks/MediaAnalysisServices.framework/Versions/A/MediaAnalysisServices
0x00000001bb248000 	/System/Library/PrivateFrameworks/PhotoLibraryServices.framework/Versions/A/PhotoLibraryServices
0x00000001b806c000 	/System/Library/Frameworks/Photos.framework/Versions/A/Photos
0x00000001ccf2a000 	/System/Library/PrivateFrameworks/PhotosFormats.framework/Versions/A/PhotosFormats
0x0000000282b49000 	/System/Library/PrivateFrameworks/VectorSearch.framework/Versions/A/VectorSearch
0x00000001c9141000 	/System/Library/PrivateFrameworks/CloudPhotoLibrary.framework/Versions/A/CloudPhotoLibrary
0x00000001d29d9000 	/System/Library/PrivateFrameworks/CloudPhotoServices.framework/Versions/A/CloudPhotoServices
0x00000001cee09000 	/System/Library/PrivateFrameworks/CoreMediaStream.framework/Versions/A/CoreMediaStream
0x00000001a325d000 	/System/Library/PrivateFrameworks/CPAnalytics.framework/Versions/A/CPAnalytics
0x00000001cb18f000 	/System/Library/PrivateFrameworks/MediaConversionService.framework/Versions/A/MediaConversionService
0x00000001aa14b000 	/System/Library/PrivateFrameworks/PhotoFoundation.framework/Versions/A/PhotoFoundation
0x000000026adc5000 	/System/Library/PrivateFrameworks/PhotoLibraryServicesCore.framework/Versions/A/PhotoLibraryServicesCore
0x00000001c4d8a000 	/System/Library/PrivateFrameworks/MMCS.framework/Versions/A/MMCS
0x00000001a83c8000 	/System/Library/PrivateFrameworks/ChunkingLibrary.framework/Versions/A/ChunkingLibrary
0x00000001a1f03000 	/System/Library/PrivateFrameworks/AssetCacheServices.framework/Versions/A/AssetCacheServices
0x00000001a3f09000 	/System/Library/PrivateFrameworks/AVFoundationCF.framework/Versions/A/AVFoundationCF
0x00000001e342d000 	/usr/lib/swift/libswiftDemangle.dylib
0x00000002587e7000 	/System/Library/PrivateFrameworks/ImageCaptureDevices.framework/Versions/A/ImageCaptureDevices
0x00000001b676c000 	/System/Library/PrivateFrameworks/MediaStream.framework/Versions/A/MediaStream
0x00000001cb67d000 	/System/Library/PrivateFrameworks/NeutrinoCore.framework/Versions/A/NeutrinoCore
0x000000019107c000 	/System/Library/PrivateFrameworks/NLP.framework/Versions/A/NLP
0x00000001d172e000 	/System/Library/PrivateFrameworks/PhotoImaging.framework/Versions/A/PhotoImaging
0x00000001d299a000 	/System/Library/PrivateFrameworks/PhotosImagingFoundation.framework/Versions/A/PhotosImagingFoundation
0x000000026b970000 	/System/Library/PrivateFrameworks/PhotosIntelligenceCore.framework/Versions/A/PhotosIntelligenceCore
0x00000001a43a1000 	/System/Library/PrivateFrameworks/EmbeddedAcousticRecognition.framework/Versions/A/EmbeddedAcousticRecognition
0x00000001c025c000 	/System/Library/PrivateFrameworks/EmojiFoundation.framework/Versions/A/EmojiFoundation
0x00000001c93bb000 	/System/Library/PrivateFrameworks/SDAPI.framework/Versions/A/SDAPI
0x000000025c551000 	/System/Library/PrivateFrameworks/IsolatedContextLogging.framework/Versions/A/IsolatedContextLogging
0x00000001d29e8000 	/System/Library/PrivateFrameworks/AutoLoop.framework/Versions/A/AutoLoop
0x000000026c597000 	/System/Library/PrivateFrameworks/Portrait.framework/Versions/A/Portrait
0x000000024c361000 	/System/Library/PrivateFrameworks/FusionTracker.framework/Versions/A/FusionTracker
0x00000001b8d34000 	/System/Library/PrivateFrameworks/iTunesCloud.framework/Versions/A/iTunesCloud
0x00000001c2189000 	/System/Library/PrivateFrameworks/DAAPKit.framework/Versions/A/DAAPKit
0x00000001b3df0000 	/System/Library/PrivateFrameworks/DeviceManagement.framework/Versions/A/DeviceManagement
0x00000001d8a91000 	/System/Library/PrivateFrameworks/ScreenTimeUI.framework/Versions/A/ScreenTimeUI
0x00000001b64a2000 	/System/Library/PrivateFrameworks/QuickLookNonBaseSystem.framework/Versions/A/QuickLookNonBaseSystem
0x00000001b6cd2000 	/System/Library/PrivateFrameworks/Catalyst.framework/Versions/A/Catalyst
0x00000001b86fb000 	/System/Library/PrivateFrameworks/ScreenTimeCore.framework/Versions/A/ScreenTimeCore
0x00000001cc384000 	/System/Library/PrivateFrameworks/ScreenTimeServiceUI.framework/Versions/A/ScreenTimeServiceUI
0x00000001c4f1c000 	/System/Library/PrivateFrameworks/ConfigurationEngineModel.framework/Versions/A/ConfigurationEngineModel
0x00000001c814f000 	/System/Library/PrivateFrameworks/UsageTracking.framework/Versions/A/UsageTracking
0x00000002312fc000 	/System/Library/Frameworks/DeviceActivity.framework/Versions/A/DeviceActivity
0x00000001c811e000 	/System/Library/PrivateFrameworks/KnowledgeMonitor.framework/Versions/A/KnowledgeMonitor
0x00000001e035d000 	/System/Library/PrivateFrameworks/BluetoothManager.framework/Versions/A/BluetoothManager
0x000000023298f000 	/System/Library/Frameworks/ManagedSettings.framework/Versions/A/ManagedSettings
0x0000000261ba6000 	/System/Library/PrivateFrameworks/ManagedSettingsSupport.framework/Versions/A/ManagedSettingsSupport
0x00000001dd518000 	/System/Library/Frameworks/ReplayKit.framework/Versions/A/ReplayKit
0x00000001ab5ca000 	/System/Library/PrivateFrameworks/MarkupUI.framework/Versions/A/MarkupUI
0x00000001b6479000 	/System/Library/PrivateFrameworks/SidecarCore.framework/Versions/A/SidecarCore
0x00000001b9165000 	/System/Library/PrivateFrameworks/AnnotationKit.framework/Versions/A/AnnotationKit
0x00000001b778f000 	/System/Library/Frameworks/PencilKit.framework/Versions/A/PencilKit
0x00000001b7953000 	/System/Library/PrivateFrameworks/SidecarUI.framework/Versions/A/SidecarUI
0x00000001b70fa000 	/System/Library/PrivateFrameworks/CoreHandwriting.framework/Versions/A/CoreHandwriting
0x000000018ac5e000 	/usr/lib/libmecabra.dylib
0x00000001af708000 	/System/Library/PrivateFrameworks/Calculate.framework/Versions/A/Calculate
0x000000019ab52000 	/usr/lib/libChineseTokenizer.dylib
0x00000001eeef7000 	/System/Library/PrivateFrameworks/ScreenReaderCore.framework/Versions/A/ScreenReaderCore
0x000000027ac02000 	/System/Library/PrivateFrameworks/StocksKit.framework/Versions/A/StocksKit
0x00000001ae6af000 	/System/Library/PrivateFrameworks/OAuth.framework/Versions/A/OAuth
0x000000027a8f8000 	/System/Library/PrivateFrameworks/StocksCore.framework/Versions/A/StocksCore
0x000000027c0fc000 	/System/Library/PrivateFrameworks/TeaFoundation.framework/Versions/A/TeaFoundation
0x000000027c2e3000 	/System/Library/PrivateFrameworks/TeaSettings.framework/Versions/A/TeaSettings
0x00000001e4b4c000 	/System/Library/PrivateFrameworks/NewsCore.framework/Versions/A/NewsCore
0x000000027c099000 	/System/Library/PrivateFrameworks/TeaDB.framework/Versions/A/TeaDB
0x00000001e14d6000 	/System/Library/PrivateFrameworks/RemoteConfiguration.framework/Versions/A/RemoteConfiguration
0x00000001e4730000 	/System/Library/PrivateFrameworks/NewsTransport.framework/Versions/A/NewsTransport
0x00000001e4b3c000 	/System/Library/PrivateFrameworks/NewsFoundation.framework/Versions/A/NewsFoundation
0x00000002674be000 	/System/Library/PrivateFrameworks/NewsURLBucket.framework/Versions/A/NewsURLBucket
0x00000001bae47000 	/System/Library/PrivateFrameworks/MobileInstallation.framework/Versions/A/MobileInstallation
0x0000000237f48000 	/System/Library/Frameworks/Translation.framework/Versions/A/Translation
0x00000001d43c4000 	/System/Library/PrivateFrameworks/RevealCore.framework/Versions/A/RevealCore
0x00000001d43b8000 	/System/Library/PrivateFrameworks/Reveal.framework/Versions/A/Reveal
0x00000001cc02f000 	/System/Library/Frameworks/Speech.framework/Versions/A/Speech
0x000000023943e000 	/System/Library/PrivateFrameworks/AIMLExperimentationAnalytics.framework/Versions/A/AIMLExperimentationAnalytics
0x000000023b8ea000 	/System/Library/PrivateFrameworks/AlgorithmsInternal.framework/Versions/A/AlgorithmsInternal
0x000000027fa5e000 	/System/Library/PrivateFrameworks/TranslationUIServices.framework/Versions/A/TranslationUIServices
0x000000027e7af000 	/System/Library/PrivateFrameworks/TipKitCore.framework/Versions/A/TipKitCore
0x00000001c02e1000 	/System/Library/PrivateFrameworks/CoreCDPInternal.framework/Versions/A/CoreCDPInternal
0x0000000258fc1000 	/System/Library/PrivateFrameworks/InputAnalytics.framework/Versions/A/InputAnalytics
0x00000001c5fa5000 	/System/Library/Frameworks/InstantMessage.framework/Versions/A/InstantMessage
0x00000001bdd90000 	/System/Library/PrivateFrameworks/IDSKVStore.framework/Versions/A/IDSKVStore
0x00000001bda2e000 	/System/Library/PrivateFrameworks/IMDPersistence.framework/Versions/A/IMDPersistence
0x00000002819ea000 	/System/Library/PrivateFrameworks/UserSafety.framework/Versions/A/UserSafety
0x00000001df3c2000 	/System/Library/PrivateFrameworks/BlastDoor.framework/Versions/A/BlastDoor
0x000000025d6b8000 	/System/Library/PrivateFrameworks/LinkPresentationStyleSheetParsing.framework/Versions/A/LinkPresentationStyleSheetParsing
0x000000026c758000 	/System/Library/PrivateFrameworks/PosterFoundation.framework/Versions/A/PosterFoundation
0x000000026c7e6000 	/System/Library/PrivateFrameworks/PosterModel.framework/Versions/A/PosterModel
0x000000026c7c0000 	/System/Library/PrivateFrameworks/PosterFuturesKit.framework/Versions/A/PosterFuturesKit
0x000000024b6b6000 	/System/Library/PrivateFrameworks/FeedbackService.framework/Versions/A/FeedbackService
0x00000001b6b4f000 	/System/Library/PrivateFrameworks/CoreSDB.framework/Versions/A/CoreSDB
0x000000023e99f000 	/System/Library/PrivateFrameworks/AskToCore.framework/Versions/A/AskToCore
0x00000001d9313000 	/System/Library/PrivateFrameworks/MachineSettings.framework/Versions/A/MachineSettings
0x00000001ca97c000 	/System/Library/PrivateFrameworks/BezelServices.framework/Versions/A/BezelServices
0x00000001c2214000 	/System/Library/PrivateFrameworks/SPOwner.framework/Versions/A/SPOwner
0x00000001baa8f000 	/System/Library/PrivateFrameworks/FMCore.framework/Versions/A/FMCore
0x000000028855b000 	/System/Library/PrivateFrameworks/iCloudQuota.framework/Versions/A/iCloudQuota
0x00000001af073000 	/System/Library/PrivateFrameworks/CoreRecognition.framework/Versions/A/CoreRecognition
0x00000001caa3c000 	/System/Library/PrivateFrameworks/InAppMessages.framework/Versions/A/InAppMessages
0x00000001edaa6000 	/System/Library/PrivateFrameworks/JetUI.framework/Versions/A/JetUI
0x000000025c8b0000 	/System/Library/PrivateFrameworks/JetPack.framework/Versions/A/JetPack
0x00000001caa33000 	/System/Library/PrivateFrameworks/InAppMessagesCore.framework/Versions/A/InAppMessagesCore
0x0000000287971000 	/System/Library/PrivateFrameworks/_JetEngine_SwiftUI.framework/Versions/A/_JetEngine_SwiftUI
0x000000027bb8e000 	/System/Library/PrivateFrameworks/Synapse.framework/Versions/A/Synapse
0x0000000240c4f000 	/System/Library/PrivateFrameworks/CSExattrCrypto.framework/Versions/A/CSExattrCrypto
0x00000001bbfb8000 	/System/Library/PrivateFrameworks/StoreFoundation.framework/Versions/A/StoreFoundation
0x00000001baa89000 	/System/Library/PrivateFrameworks/ServerInformation.framework/Versions/A/ServerInformation
0x00000001ba49e000 	/System/Library/PrivateFrameworks/Install.framework/Frameworks/DistributionKit.framework/Versions/A/DistributionKit
0x00000001b3829000 	/System/Library/PrivateFrameworks/PackageKit.framework/Versions/A/PackageKit
0x00000001ba4c1000 	/System/Library/PrivateFrameworks/OSPersonalization.framework/Versions/A/OSPersonalization
0x00000001bc51f000 	/System/Library/PrivateFrameworks/BridgeOSSoftwareUpdate.framework/Versions/A/BridgeOSSoftwareUpdate
0x00000001b6ff7000 	/System/Library/PrivateFrameworks/StorageManagement.framework/Versions/A/StorageManagement
0x00000001cbeaf000 	/usr/lib/libauthinstall.dylib
0x00000001bc528000 	/System/Library/PrivateFrameworks/InstallerDiagnostics.framework/Versions/A/InstallerDiagnostics
0x00000001cc56c000 	/usr/lib/libcrypto.42.dylib
0x000000028f0d9000 	/usr/lib/updaters/libAppleTconUARPUpdater.dylib
0x000000028f26e000 	/usr/lib/updaters/libT200Updater.dylib
0x00000001bc50d000 	/System/Library/PrivateFrameworks/GPUInfo.framework/Versions/A/GPUInfo
0x00000001cab39000 	/System/Library/PrivateFrameworks/MobileActivationMacOS.framework/Versions/A/MobileActivationMacOS
0x00000001ae5f3000 	/System/Library/PrivateFrameworks/AccountsDaemon.framework/Versions/A/AccountsDaemon
0x00000001bc56b000 	/System/Library/PrivateFrameworks/AOSKit.framework/Versions/A/AOSKit
0x000000019ac81000 	/System/Library/PrivateFrameworks/AppSSOCore.framework/Versions/A/AppSSOCore
0x000000023f3ed000 	/System/Library/PrivateFrameworks/BackgroundSystemTasks.framework/Versions/A/BackgroundSystemTasks
0x00000001a694d000 	/System/Library/PrivateFrameworks/DuetActivityScheduler.framework/Versions/A/DuetActivityScheduler
0x00000001c906c000 	/System/Library/PrivateFrameworks/NetworkServiceProxy.framework/Versions/A/NetworkServiceProxy
0x00000001a1b8f000 	/usr/lib/libnetworkextension.dylib
0x000000027b8af000 	/System/Library/PrivateFrameworks/Symptoms.framework/Versions/A/Frameworks/SymptomAnalytics.framework/Versions/A/SymptomAnalytics
0x000000019e69e000 	/System/Library/Frameworks/NetworkExtension.framework/Versions/A/NetworkExtension
0x00000001a5067000 	/System/Library/PrivateFrameworks/CoreDuetContext.framework/Versions/A/CoreDuetContext
0x000000018f6d0000 	/System/Library/PrivateFrameworks/CoreDuet.framework/Versions/A/CoreDuet
0x00000001a9e85000 	/System/Library/PrivateFrameworks/AssistantServices.framework/Versions/A/AssistantServices
0x00000001a404d000 	/System/Library/PrivateFrameworks/SAObjects.framework/Versions/A/SAObjects
0x00000001a9a6b000 	/System/Library/PrivateFrameworks/MediaRemote.framework/Versions/A/MediaRemote
0x0000000278125000 	/System/Library/PrivateFrameworks/SiriTTSService.framework/Versions/A/SiriTTSService
0x000000027281d000 	/System/Library/PrivateFrameworks/SiriCrossDeviceArbitration.framework/Versions/A/SiriCrossDeviceArbitration
0x000000024b240000 	/System/Library/PrivateFrameworks/FaceTimeNameUtility.framework/Versions/A/FaceTimeNameUtility
0x0000000272871000 	/System/Library/PrivateFrameworks/SiriCrossDeviceArbitrationFeedback.framework/Versions/A/SiriCrossDeviceArbitrationFeedback
0x00000001cb3c1000 	/System/Library/PrivateFrameworks/UIKitServices.framework/Versions/A/UIKitServices
0x00000001aee83000 	/System/Library/PrivateFrameworks/MediaServices.framework/Versions/A/MediaServices
0x000000019b0cb000 	/System/Library/PrivateFrameworks/PersistentConnection.framework/Versions/A/PersistentConnection
0x0000000279a0f000 	/System/Library/PrivateFrameworks/SonicFoundation.framework/Versions/A/SonicFoundation
0x00000001bea91000 	/usr/lib/libtailspin.dylib
0x00000001d2afa000 	/System/Library/PrivateFrameworks/Osprey.framework/Versions/A/Osprey
0x00000002777a5000 	/System/Library/PrivateFrameworks/SiriTTS.framework/Versions/A/SiriTTS
0x0000000276364000 	/System/Library/PrivateFrameworks/SiriPowerInstrumentation.framework/Versions/A/SiriPowerInstrumentation
0x000000027c097000 	/System/Library/PrivateFrameworks/TailspinSymbolication.framework/Versions/A/TailspinSymbolication
0x0000000249596000 	/System/Library/PrivateFrameworks/Darwinup.framework/Versions/A/Darwinup
0x00000001cb1ca000 	/System/Library/PrivateFrameworks/SignpostSupport.framework/Versions/A/SignpostSupport
0x00000001b6acc000 	/System/Library/PrivateFrameworks/FeatureFlagsSupport.framework/Versions/A/FeatureFlagsSupport
0x00000001ca88a000 	/System/Library/PrivateFrameworks/ktrace.framework/Versions/A/ktrace
0x00000001cb3f9000 	/System/Library/PrivateFrameworks/SampleAnalysis.framework/Versions/A/SampleAnalysis
0x00000001d4392000 	/System/Library/PrivateFrameworks/kperfdata.framework/Versions/A/kperfdata
0x000000019f8c0000 	/usr/lib/libdscsym.dylib
0x00000001d4867000 	/System/Library/PrivateFrameworks/BulkSymbolication.framework/Versions/A/BulkSymbolication
0x00000001a7a9b000 	/System/Library/PrivateFrameworks/CoreDuetDaemonProtocol.framework/Versions/A/CoreDuetDaemonProtocol
0x00000001bbe39000 	/System/Library/PrivateFrameworks/CaptiveNetwork.framework/Versions/A/CaptiveNetwork
0x00000001a5e94000 	/System/Library/PrivateFrameworks/EAP8021X.framework/Versions/A/EAP8021X
0x000000024935b000 	/System/Library/PrivateFrameworks/CryptoKitPrivate.framework/Versions/A/CryptoKitPrivate
0x00000001b609c000 	/System/Library/PrivateFrameworks/FindMyDevice.framework/Versions/A/FindMyDevice
0x00000001aa695000 	/System/Library/PrivateFrameworks/FMCoreLite.framework/Versions/A/FMCoreLite
0x00000001986f2000 	/System/Library/Frameworks/ServiceManagement.framework/Versions/A/ServiceManagement
0x00000001bd9ac000 	/System/Library/Frameworks/Accelerate.framework/Versions/A/Frameworks/vImage.framework/Versions/A/Libraries/libCGInterfaces.dylib
0x0000000169800000 	/System/Library/Extensions/AGXMetalG16G_B0.bundle/Contents/MacOS/AGXMetalG16G_B0
0x00000001aed1d000 	/System/Library/PrivateFrameworks/IOGPU.framework/Versions/A/IOGPU
0x000000022f59c000 	/System/Library/Frameworks/OpenGL.framework/Versions/A/Resources/GLEngine.bundle/GLEngine
0x000000022f43c000 	/System/Library/Frameworks/OpenGL.framework/Versions/A/Libraries/libGLProgrammability.dylib
0x000000011e344000 	/System/Library/Extensions/AppleMetalOpenGLRenderer.bundle/Contents/MacOS/AppleMetalOpenGLRenderer
0x000000022f6fa000 	/System/Library/Frameworks/OpenGL.framework/Versions/A/Resources/GLRendererFloat.bundle/GLRendererFloat
0x00000001692e4000 	/private/var/folders/51/hgn9x4s96kx9dcdpdq9v98840000gn/T/lwjgljoey/3.3.1-SNAPSHOT/liblwjgl_opengl.dylib
0x0000000169388000 	/private/var/folders/51/hgn9x4s96kx9dcdpdq9v98840000gn/T/lwjgljoey/3.3.1-SNAPSHOT/liblwjgl_stb.dylib
0x000000032b280000 	/private/var/folders/51/hgn9x4s96kx9dcdpdq9v98840000gn/T/lwjgljoey/3.3.1-SNAPSHOT/libopenal.dylib
0x000000032c6b0000 	/System/Library/Components/CoreAudio.component/Contents/MacOS/CoreAudio
0x000000032c668000 	/System/Library/Frameworks/Security.framework/Versions/A/PlugIns/csparser.bundle/Contents/MacOS/csparser

VM Arguments:
jvm_args: -Xmx4G 
java_command: build/libs/mcprec-6.13.jar --envPort=9573
java_class_path (initial): build/libs/mcprec-6.13.jar
Launcher Type: SUN_STANDARD

Environment Variables:
JAVA_HOME=/opt/anaconda3/envs/mc-agent
PATH=/opt/anaconda3/envs/mc-agent/bin:/opt/anaconda3/condabin:/opt/homebrew/bin:/opt/homebrew/sbin:/usr/bin:/bin:/usr/sbin:/sbin
LD_LIBRARY_PATH=/opt/anaconda3/envs/mc-agent/lib/python3.10/site-packages/cv2/../../lib:
SHELL=/bin/zsh

Signal Handlers:
SIGSEGV: [libjvm.dylib+0x569e04], sa_mask[0]=11111111011111110111111111111111, sa_flags=SA_ONSTACK|SA_RESTART|SA_SIGINFO
SIGBUS: [libjvm.dylib+0x569e04], sa_mask[0]=11111111011111110111111111111111, sa_flags=SA_RESTART|SA_SIGINFO
SIGFPE: [libjvm.dylib+0x462010], sa_mask[0]=11111111011111110111111111111111, sa_flags=SA_RESTART|SA_SIGINFO
SIGPIPE: [libjvm.dylib+0x462010], sa_mask[0]=11111111011111110111111111111111, sa_flags=SA_RESTART|SA_SIGINFO
SIGXFSZ: [libjvm.dylib+0x462010], sa_mask[0]=11111111011111110111111111111111, sa_flags=SA_RESTART|SA_SIGINFO
SIGILL: [libjvm.dylib+0x462010], sa_mask[0]=11111111011111110111111111111111, sa_flags=SA_RESTART|SA_SIGINFO
SIGUSR1: SIG_DFL, sa_mask[0]=00000000000000000000000000000000, sa_flags=none
SIGUSR2: [libjvm.dylib+0x462934], sa_mask[0]=00000000000000000000000000000000, sa_flags=SA_RESTART|SA_SIGINFO
SIGHUP: [libjvm.dylib+0x4608bc], sa_mask[0]=11111111011111110111111111111111, sa_flags=SA_RESTART|SA_SIGINFO
SIGINT: [libjvm.dylib+0x4608bc], sa_mask[0]=11111111011111110111111111111111, sa_flags=SA_RESTART|SA_SIGINFO
SIGTERM: [libjvm.dylib+0x4608bc], sa_mask[0]=11111111011111110111111111111111, sa_flags=SA_RESTART|SA_SIGINFO
SIGQUIT: [libjvm.dylib+0x4608bc], sa_mask[0]=11111111011111110111111111111111, sa_flags=SA_RESTART|SA_SIGINFO


---------------  S Y S T E M  ---------------

OS:Bsduname:Darwin 25.6.0 Darwin Kernel Version 25.6.0: Sat Jul 11 15:26:29 PDT 2026; root:xnu-12377.161.13~4/RELEASE_ARM64_T8132 arm64
rlimit: STACK 8176k, CORE 0k, NPROC 2666, NOFILE 10240, AS infinity
load average:6.66 4.72 3.76

CPU:total 10 (initial active 10) 0x61:0x0:0x6f5129ac:0, simd, crc, lse

Memory: 16k page, physical 16777216k(129328k free)

/proc/meminfo:


vm_info: OpenJDK 64-Bit Server VM (25.472-b08) for bsd-aarch64 JRE (Zulu 8.90.0.19-CA-macos-aarch64) (1.8.0_472-b08), built on Oct  4 2025 09:03:08 by "zulu_re" with gcc Apple LLVM 12.0.0 (clang-1200.0.32.28)

time: Sun Aug 16 15:52:29 2026
timezone: CST
elapsed time: 15.282386 seconds (0d 0h 0m 15s)

